{
    "type": "minecraft:chest",
    "pools": [
        {
            "rolls": {
                "min": 1.0,
                "max": 2.0,
                "type": "minecraft:uniform"
            },
            "entries": [
                {
                    "type": "minecraft:item",
                    "weight": 20,
                    "functions": [
                        {
                            "function": "minecraft:set_count",
                            "count": {
                                "min": 2.0,
                                "max": 4.0,
                                "type": "minecraft:uniform"
                            }
                        },
                        {
                            "function": "minecraft:set_nbt",
                            "tag": "{Potion:\"minecraft:poison\"}"
                        }
                    ],
                    "name": "minecraft:tipped_arrow"
                },
                {
                    "type": "minecraft:item",
                    "weight": 60,
                    "functions": [
                        {
                            "function": "minecraft:set_count",
                            "count": {
                                "min": 2.0,
                                "max": 7.0,
                                "type": "minecraft:uniform"
                            }
                        }
                    ],
                    "name": "minecraft:arrow"
                },
                {
                    "type": "minecraft:item",
                    "weight": 30,
                    "functions": [
                        {
                            "function": "minecraft:set_count",
                            "count": {
                                "min": 2.0,
                                "max": 4.0,
                                "type": "minecraft:uniform"
                            }
                        },
                        {
                            "function": "minecraft:set_nbt",
                            "tag": "{Potion:\"minecraft:weakness\"}"
                        }
                    ],
                    "name": "minecraft:tipped_arrow"
                },
                {
                    "type": "minecraft:item",
                    "weight": 30,
                    "functions": [
                        {
                            "function": "minecraft:set_count",
                            "count": {
                                "min": 2.0,
                                "max": 5.0,
                                "type": "minecraft:uniform"
                            }
                        },
                        {
                            "function": "minecraft:set_nbt",
                            "tag": "{Potion:\"minecraft:slowness\"}"
                        }
                    ],
                    "name": "minecraft:tipped_arrow"
                },
                {
                    "type": "minecraft:item",
                    "weight": 20,
                    "functions": [
                        {
                            "function": "minecraft:set_count",
                            "count": {
                                "min": 1.0,
                                "max": 3.0,
                                "type": "minecraft:uniform"
                            }
                        }
                    ],
                    "name": "minecraft:spectral_arrow"
                },
                {
                    "type": "minecraft:item",
                    "weight": 20,
                    "functions": [
                        {
                            "function": "minecraft:set_count",
                            "count": {
                                "min": 1.0,
                                "max": 9.0,
                                "type": "minecraft:uniform"
                            }
                        },
                        {
                            "function": "minecraft:set_nbt",
                            "tag": "{HideFlags:32b,CustomPotionColor:11403151,display:{Name:'[{\"text\":\"Bouncy Arrow\",\"italic\":false}]'}}"
                        }
                    ],
                    "name": "minecraft:tipped_arrow"
                },
                {
                    "type": "minecraft:item",
                    "weight": 15,
                    "functions": [
                        {
                            "function": "minecraft:set_count",
                            "count": {
                                "min": 2.0,
                                "max": 8.0,
                                "type": "minecraft:uniform"
                            }
                        },
                        {
                            "function": "minecraft:set_nbt",
                            "tag": "{HideFlags:32b,CustomPotionColor:16748800,display:{Name:'[{\"text\":\"Flaming Arrow\",\"italic\":false}]'}}"
                        }
                    ],
                    "name": "minecraft:tipped_arrow"
                }
            ]
        }
    ]
}