{
  "type": "minecraft:chest",
  "pools": [
    {
      "rolls": {
        "min": 4.0,
        "max": 8.0,
        "type": "minecraft:uniform"
      },
      "entries": [    
        {
          "type": "minecraft:item",
          "name": "minecraft:obsidian",
          "functions": [
            {
              "function": "minecraft:set_count",
              "count": {
                "min": 1,
                "max": 2
              }
            }
          ],
          "weight": 40
        },
        {
          "type": "minecraft:item",
          "name": "minecraft:flint",
          "functions": [
            {
              "function": "minecraft:set_count",
              "count": {
                "min": 1,
                "max": 4
              }
            }
          ],
          "weight": 40
        },
        {
          "type": "minecraft:item",
          "name": "minecraft:iron_nugget",
          "functions": [
            {
              "function": "minecraft:set_count",
              "count": {
                "min": 9,
                "max": 18
              }
            }
          ],
          "weight": 40
        },
        {
          "type": "minecraft:item",
          "name": "minecraft:flint_and_steel",       
          "weight": 40
        },
        {
          "type": "minecraft:item",
          "name": "minecraft:fire_charge",         
          "weight": 40
        },
        {
          "type": "minecraft:item",
          "name": "minecraft:golden_apple",   
          "weight": 15
        },
        {
          "type": "minecraft:item",
          "name": "minecraft:gold_nugget",
          "functions": [
            {
              "function": "minecraft:set_count",
              "count": {
                "min": 4,
                "max": 24
              }
            }
          ],
          "weight": 15
        },
        {
          "type": "minecraft:item",
          "name": "minecraft:golden_sword",
          "functions": [
            {
              "function": "minecraft:enchant_randomly"
            }
          ],
          "weight": 15
        },
        {
          "type": "minecraft:item",
          "name": "minecraft:golden_axe",
          "functions": [
            {
              "function": "minecraft:enchant_randomly"
            }
          ],
          "weight": 15
        },
        {
          "type": "minecraft:item",
          "name": "minecraft:golden_hoe",
          "functions": [
            {
              "function": "minecraft:enchant_randomly"
            }
          ],
          "weight": 15
        },
        {
          "type": "minecraft:item",
          "name": "minecraft:golden_shovel",
          "functions": [
            {
              "function": "minecraft:enchant_randomly"
            }
          ],
          "weight": 15
        },
        {
          "type": "minecraft:item",
          "name": "minecraft:golden_pickaxe",
          "functions": [
            {
              "function": "minecraft:enchant_randomly"
            }
          ],
          "weight": 15
        },
        {
          "type": "minecraft:item",
          "name": "minecraft:golden_boots",
          "functions": [
            {
              "function": "minecraft:enchant_randomly"
            }
          ],
          "weight": 15
        },
        {
          "type": "minecraft:item",
          "name": "minecraft:golden_chestplate",
          "functions": [
            {
              "function": "minecraft:enchant_randomly"
            }
          ],
          "weight": 15
        },
        {
          "type": "minecraft:item",
          "name": "minecraft:golden_helmet",
          "functions": [
            {
              "function": "minecraft:enchant_randomly"
            }
          ],
          "weight": 15
        },
        {
          "type": "minecraft:item",
          "name": "minecraft:golden_leggings",
          "functions": [
            {
              "function": "minecraft:enchant_randomly"
            }
          ],
          "weight": 15
        },
        {
          "type": "minecraft:item",
          "name": "minecraft:glistering_melon_slice",
          "functions": [
            {
              "function": "minecraft:set_count",
              "count": {
                "min": 4,
                "max": 12
              }
            }
          ],
          "weight": 5
        },
        {
          "type": "minecraft:item",
          "name": "minecraft:golden_horse_armor",
          "weight": 5
        },
        {
          "type": "minecraft:item",
          "name": "minecraft:light_weighted_pressure_plate",
          "weight": 5
        },
        {
          "type": "minecraft:item",
          "name": "minecraft:golden_carrot",
          "functions": [
            {
              "function": "minecraft:set_count",
              "count": {
                "min": 4,
                "max": 12
              }
            }
          ],
          "weight": 5
        },
        {
          "type": "minecraft:item",
          "name": "minecraft:clock",  
          "weight": 5
        },
        {
          "type": "minecraft:item",
          "name": "minecraft:gold_ingot",
          "functions": [
            {
              "function": "minecraft:set_count",
              "count": {
                "min": 2,
                "max": 8
              }
            }
          ],
          "weight": 5
        },
        {
          "type": "minecraft:item",
          "name": "minecraft:bell", 
          "weight": 1
        },
        {
          "type": "minecraft:item",
          "name": "minecraft:enchanted_golden_apple",
          "weight": 1
        },
        {
          "type": "minecraft:item",
          "name": "minecraft:gold_block",
          "functions": [
            {
              "function": "minecraft:set_count",
              "count": {
                "min": 1,
                "max": 2
              }
            }
          ],
          "weight": 1
        },
        {
          "type": "minecraft:item",
          "name": "minecraft:spectral_arrow",
          "functions": [
            {
              "function": "minecraft:set_count",
              "count": {
                "min": 1,
                "max": 2
              }
            }
          ],
          "weight": 5
        },
        {
          "type": "minecraft:item",
          "weight": 10,
          "functions": [
            {
              "function": "minecraft:set_count",
              "count": {
                "min": 2,
                "max": 8
              }
            },
            {
              "function": "minecraft:set_nbt",
              "tag": "{HideFlags:32b,CustomPotionColor:16748800,display:{Name:'[{\"text\":\"Flaming Arrow\",\"italic\":false}]'}}"
            }
          ],
          "name": "minecraft:tipped_arrow"
        },
        {
          "type": "minecraft:item",
          "weight": 12,
          "functions": [
            {
              "function": "minecraft:enchant_randomly"
            },
            {
              "function": "minecraft:set_nbt",
              "tag": "{CustomModelData:694202,rangedDamage:0b,display:{Name:'[{\"text\":\"Golden Bow\",\"italic\":false}]'}}"
            }
          ],
          "name": "minecraft:bow"
        },
        {
          "type": "minecraft:item",
          "weight": 12,
          "functions": [
            {
              "function": "minecraft:enchant_randomly"
            },
            {
              "function": "minecraft:set_nbt",
              "tag": "{CustomModelData:694207,rangedDamage:0b,longbow:1b,display:{Name:'[{\"text\":\"Golden Longbow\",\"italic\":false}]'}}"
            }
          ],
          "name": "minecraft:bow"
        },
        {
          "type": "minecraft:item",
          "weight": 12,
          "functions": [
            {
              "function": "minecraft:enchant_randomly"
            },
            {
              "function": "minecraft:set_nbt",
              "tag": "{CustomModelData:694202,rangedDamage:0b,display:{Name:'[{\"text\":\"Golden Crossbow\",\"italic\":false}]'}}"
            }
          ],
          "name": "minecraft:crossbow"
        },
        {
          "type": "minecraft:item",
          "weight": 3,
          "functions": [
            {
              "function": "minecraft:set_count",
              "count": {
                "min": 1,
                "max": 3
              }
            },
            {
              "function": "minecraft:set_nbt",
              "tag": "{Enchantments:[{}],HideFlags:32b,CustomPotionColor:40043,display:{Name:'[{\"text\":\"Arrow of Ender\",\"italic\":false,\"color\":\"aqua\"}]'}}"
            }
          ],
          "name": "minecraft:tipped_arrow"
        }
      ]
    }
  ]
}