{
  "parent":"item/handheld",
  "textures":{
  "layer0":"item/carrot_on_a_stick"
  },
  "display": {
    "thirdperson_righthand": {
      "rotation": [ 0, 0, 0 ],
      "translation": [ 0, 1, -3 ],
      "scale": [ 0.55, 0.55, 0.55 ]
    },
    "firstperson_lefthand": {
      "rotation": [ 0, -90, -25 ],
      "translation": [ 0, 4, 2 ],
      "scale": [ 0.55, 0.55, 0.55 ]
    },
    "firstperson_righthand": {
      "rotation": [ 0, 90, 25 ],
      "translation": [ 0, 4, 4 ],
      "scale": [ 0.55, 0.55, 0.55 ]
    }
  },
  "overrides":[
    {
      "predicate":{
        "custom_model_data":1234568
      },
        "model":"texture/position_swapper"
    },
    {
      "predicate":{
        "custom_model_data":1234569
      },
        "model":"texture/cave_helmet"
    }
  ]
}