{
  "parent":"item/handheld",
  "textures":{
  "layer0":"item/crossbow_standby"
  },
  "display": {
    "thirdperson_righthand": {
      "rotation": [ -90, 0, -60 ],
      "translation": [ 2, 0, -3 ],
      "scale": [ 0.9, 0.9, 0.9 ]
    },
    "thirdperson_lefthand": {
      "rotation": [ -90, 0, 30 ],
      "translation": [ 2, 0, -3 ],
      "scale": [ 0.9, 0.9, 0.9 ]
    },
    "firstperson_lefthand": {
      "rotation": [ -90, 0, 35 ],
      "translation": [ 1.75, 1.75, -1.5 ],
      "scale": [ 0.9, 0.9, 0.9 ]
    },
    "firstperson_righthand": {
      "rotation": [ -90, 0, -55 ],
      "translation": [ 1.75, 1.75, -1.5 ],
      "scale": [ 0.9, 0.9, 0.9 ]
    }
  },
  "overrides":[
    {
      "predicate":{
        "custom_model_data":1000000
      },
        "model":"texture/crossbow_bayonette"
    }
  ]
}