{
  "parent":"item/handheld",
  "textures":{
  "layer0":"item/iron_sword"
  },
  "display": {
    "firstperson_leftohand": {
      "rotation": [ 0, -90, -25 ],
      "translation": [ 0, 4, 2 ],
      "scale": [ 0.55, 0.55, 0.55 ]
    }
  },
  "overrides":[
    {
      "predicate":{
        "custom_model_data":1234567
      },
        "model":"texture/iron_hammer"
    },
    {
      "predicate":{
        "custom_model_data":1234568
      },
        "model":"texture/iron_sickle"
    },
    {
      "predicate":{
        "custom_model_data":1000000
      },
        "model":"texture/iron_hook"
    }
  ]
}