{
  "parent":"item/handheld",
  "textures":{
  "layer0":"item/ravager_spawn_egg"
  },
  "display": {
    "thirdperson_righthand": {
      "rotation": [ 0, 0, 0 ],
      "translation": [ 0, 3, 1 ],
      "scale": [ 0.55, 0.55, 0.55 ]
    },
    "thirdperson_lefthand": {
      "rotation": [ 0, 0, 0 ],
      "translation": [ 0, 3, 1 ],
      "scale": [ 0.55, 0.55, 0.55 ]
    },
    "firstperson_righthand": {
      "rotation": [ 0, 90, 0 ],
      "translation": [ 0, 4, 2 ],
      "scale": [ 0.55, 0.55, 0.55 ]
    },
    "firstperson_lefthand": {
      "rotation": [ 0, -90, 0 ],
      "translation": [ 0, 4, 2 ],
      "scale": [ 0.55, 0.55, 0.55 ]
    }
  },
  "overrides":[
    {
      "predicate":{
        "custom_model_data":1234567
      },
        "model":"texture/mossy"
    }
  ]
}