{
  "parent": "item/handheld",
  "textures": {
    "layer0": "item/totem_of_undying"
  },
  "display": {
    "thirdperson_righthand": {
      "rotation": [ -90, 0, 0 ],
      "translation": [ 0, 1, -3 ],
      "scale": [ 0.55, 0.55, 0.55 ]
    },
    "firstperson_lefthand": {
      "rotation": [ 0, -90, 25 ],
      "translation": [ 0, 4, 2 ],
      "scale": [ 0.55, 0.55, 0.55 ]
    }
  },
  "overrides":[
    {
      "predicate":{
        "custom_model_data":1234567
      },
        "model":"texture/invisibility_totem"
    }
  ]
}