{
    "display": {
        "icon": {
            "item": "minecraft:carrot_on_a_stick",
            "nbt": "{CustomModelData:200}"
        },
        "title": {
            "text": "PMC 10 Year Anniversary",
            "color": "yellow",
            "bold": false,
            "italic": false
        },
        "description": {
            "text": "Happy 10 years PMC!",
            "color": "white",
            "bold": false,
            "italic": true
        },
        "show_toast": false,
        "announce_to_chat": false,
        "frame": "goal"
    },
    "parent": "legopitstop:pack/root",
    "criteria": {
        "tick": {
            "trigger": "minecraft:tick"
        }
    }
}