{
    "display": {
        "icon": {
            "item": "minecraft:orange_concrete"
        },
        "title": {
            "text": "Legopitstop's Packs",
            "bold": true,
            "color": "gold"
        },
        "description": {
            "text": "All installed legopitstop's packs",
            "color": "yellow",
            "bold": false,
            "italic": true
        },
        "background": "minecraft:textures/block/orange_concrete_powder.png",
        "show_toast": false,
        "announce_to_chat": false,
        "frame": "challenge"
    },
    "criteria": {
        "tick": {
            "trigger": "minecraft:tick"
        }
    }
}