{
    "display": {
        "title": {
            "text": "Frost Watcher"
        },
        "description": {
            "text": "Defeat the blood cold sniper"
        },
        "icon": {
          "item": "minecraft:tipped_arrow",
          "nbt": "{Potion:\"minecraft:slowness\"}"
        },
        "frame": "task",
        "show_toast": true,
        "announce_to_chat": true,
        "hidden": false
    },
    "parent": "custom:story/watcher_camp",
    "criteria": {
        "kill frost watcher": {
            "trigger": "minecraft:player_killed_entity",
            "conditions": {
                "entity": {
                    "type": "minecraft:stray",
                    "nbt": "{Tags:[\"frost_watcher\"]}",
                    "distance": {
                        "absolute": {
                            "min": 0,
                            "max": 64
                        }
                    }
                }
            }
        }
    }
}
