{
    "display": {
        "title": {
            "text": "New Start!"
        },
        "description": {
            "text": "Dungeon - Now Loading has been installed! Have Fun!"
        },
        "icon": {
            "item": "minecraft:bedrock"
        },
        "frame": "task",
        "show_toast": true,
        "announce_to_chat": true,
        "hidden": false,
        "background": "minecraft:textures/block/water_overlay.png"
    },
    "criteria": {
        "new start": {
            "trigger": "minecraft:impossible"
        }
    }
}
