{
    "display": {
        "title": {
            "text": "Slime Sinkhole"
        },
        "description": {
            "text": "Jump down into the sinkhole"
        },
        "icon": {
            "item": "minecraft:slime_block"
        },
        "frame": "task",
        "show_toast": true,
        "announce_to_chat": true,
        "hidden": false
    },
    "parent": "custom:story/new_start",
    "criteria": {
        "locate slime sinkhole": {
            "trigger": "minecraft:impossible"
        }
    }
}
