{
    "__comment": "Made with TheDestruc7i0n's advancements generator: https://advancements.thedestruc7i0n.ca",
    "display": {
        "title": {
            "text": "A Horrific Sight"
        },
        "description": {
            "text": "Summon the Eldritch Horror",
            "color": "green"
        },
        "icon": {
            "item": "minecraft:black_dye",
            "nbt": "{CustomModelData:3938}"
        },
        "frame": "task",
        "show_toast": true,
        "announce_to_chat": true,
        "hidden": true
    },
    "criteria": {
        "horrific_sight": {
            "trigger": "minecraft:impossible"
        }
    },
    "parent": "main:sacred_altar"
}