{
    "__comment": "Made with TheDestruc7i0n's advancements generator: https://advancements.thedestruc7i0n.ca",
    "display": {
        "title": {
            "text": "Eldritch Horror"
        },
        "description": {
            "text": "What lies beyond in the horrors of this world",
            "color": "green"
        },
        "icon": {
            "item": "minecraft:charcoal",
            "nbt": "{CustomModelData:3941}"
        },
        "frame": "task",
        "show_toast": true,
        "announce_to_chat": true,
        "hidden": false,
        "background": "minecraft:textures/gui/advancements/backgrounds/eldritch_horror.png"
    },
    "criteria": {
        "eldritch_horror": {
            "trigger": "minecraft:inventory_changed",
            "conditions": {
                "items": [
                    {
                        "item": "minecraft:charcoal",
                        "nbt": "{CustomModelData:3941}"
                    }
                ]
            }
        }
    }
}