{
    "__comment": "Made with TheDestruc7i0n's advancements generator: https://advancements.thedestruc7i0n.ca",
    "display": {
        "title": {
            "text": "A Sacred Altar"
        },
        "description": {
            "text": "Build the Shadow Altar",
            "color": "green"
        },
        "icon": {
            "item": "minecraft:black_dye",
            "nbt": "{CustomModelData:3941}"
        },
        "frame": "task",
        "show_toast": true,
        "announce_to_chat": true,
        "hidden": false
    },
    "criteria": {
        "sacred_alter": {
            "trigger": "minecraft:impossible"
        }
    },
    "parent": "main:root"
}