{
    "__comment": "Made with TheDestruc7i0n's advancements generator: https://advancements.thedestruc7i0n.ca",
    "display": {
        "title": {
            "text": "A True Hero"
        },
        "description": {
            "text": "Slay The Eldritch Horror",
            "color": "green"
        },
        "icon": {
            "item": "minecraft:diamond_sword",
            "nbt": "{CustomModelData:78}"
        },
        "frame": "task",
        "show_toast": true,
        "announce_to_chat": true,
        "hidden": true
    },
    "criteria": {
        "true_hero": {
            "trigger": "minecraft:inventory_changed",
            "conditions": {
                "items": [
                    {
                        "item": "minecraft:diamond_sword",
                        "nbt": "{CustomModelData:78}"
                    }
                ]
            }
        }
    },
    "parent": "main:horrific_sight"
}