{
    "parent": "block/acacia_stairs",
    "overrides": [
	{ "predicate": { "custom_model_data": 5420101}, "model": "custom/east/acacia_stairs"},
	{ "predicate": { "custom_model_data": 5420102}, "model": "custom/south/acacia_stairs"},
	{ "predicate": { "custom_model_data": 5420103}, "model": "custom/west/acacia_stairs"},
	{ "predicate": { "custom_model_data": 5420104}, "model": "custom/northup/acacia_stairs"},
    { "predicate": { "custom_model_data": 5420105}, "model": "custom/eastup/acacia_stairs"},
    { "predicate": { "custom_model_data": 5420106}, "model": "custom/southup/acacia_stairs"},
    { "predicate": { "custom_model_data": 5420107}, "model": "custom/westup/acacia_stairs"}
	]}
