{
    "parent": "block/blackstone_stairs",
    "overrides": [
	{ "predicate": { "custom_model_data": 5420101}, "model": "custom/east/blackstone_stairs"},
	{ "predicate": { "custom_model_data": 5420102}, "model": "custom/south/blackstone_stairs"},
	{ "predicate": { "custom_model_data": 5420103}, "model": "custom/west/blackstone_stairs"},
	{ "predicate": { "custom_model_data": 5420104}, "model": "custom/northup/blackstone_stairs"},
    { "predicate": { "custom_model_data": 5420105}, "model": "custom/eastup/blackstone_stairs"},
    { "predicate": { "custom_model_data": 5420106}, "model": "custom/southup/blackstone_stairs"},
    { "predicate": { "custom_model_data": 5420107}, "model": "custom/westup/blackstone_stairs"}
	]}
