{
    "parent": "block/brick_stairs",
  "overrides": [
    {
      "predicate": {
        "custom_model_data": 5420101
      },
      "model": "custom/east/brick_stairs"
    },
    {
      "predicate": {
        "custom_model_data": 5420102
      },
      "model": "custom/south/brick_stairs"
    },
    {
      "predicate": {
        "custom_model_data": 5420103
      },
      "model": "custom/west/brick_stairs"
    },
    {
      "predicate": {
        "custom_model_data": 5420104
      },
      "model": "custom/northup/brick_stairs"
    },
    {
      "predicate": {
        "custom_model_data": 5420105
      },
      "model": "custom/eastup/brick_stairs"
    },
    {
      "predicate": {
        "custom_model_data": 5420106
      },
      "model": "custom/southup/brick_stairs"
    },
    {
      "predicate": {
        "custom_model_data": 5420107
      },
      "model": "custom/westup/brick_stairs"
    }
  ]
}
