{
    "parent": "item/handheld_rod",
    "textures": {
        "layer0": "item/carrot_on_a_stick"
    },
    "overrides": [
	{ "predicate": { "custom_model_data": 5420100}, "model": "item/end_portal_frame"},
	{ "predicate": { "custom_model_data": 5420101}, "model": "item/minecart"},
      { "predicate": { "custom_model_data": 5420102}, "model": "item/birch_fence_gate"},
      { "predicate": { "custom_model_data": 5420103}, "model": "item/barrier"},
      { "predicate": { "custom_model_data": 5420104}, "model": "item/writable_book"},
      { "predicate": { "custom_model_data": 5420105}, "model": "item/shears"},
      { "predicate": { "custom_model_data": 5420106}, "model": "item/crafting_table"},
      { "predicate": { "custom_model_data": 5420110}, "model": "custom/moving/clockwise"},
      { "predicate": { "custom_model_data": 5420111}, "model": "custom/moving/counter_clockwise"},
      { "predicate": { "custom_model_data": 5420112}, "model": "custom/moving/rotate_up"},
      { "predicate": { "custom_model_data": 5420113}, "model": "custom/moving/rotate_down"},
      { "predicate": { "custom_model_data": 5420114}, "model": "custom/moving/up_360"},
      { "predicate": { "custom_model_data": 5420115}, "model": "custom/moving/down_360"},
      { "predicate": { "custom_model_data": 5420120}, "model": "custom/moving/forward"},
      { "predicate": { "custom_model_data": 5420121}, "model": "custom/moving/backward"},
      { "predicate": { "custom_model_data": 5420122}, "model": "custom/moving/right"},
      { "predicate": { "custom_model_data": 5420123}, "model": "custom/moving/left"},
      { "predicate": { "custom_model_data": 5420124}, "model": "custom/moving/up"},
      { "predicate": { "custom_model_data": 5420125}, "model": "custom/moving/down"},
      { "predicate": { "custom_model_data": 5420130}, "model": "custom/moving/xpos"},
      { "predicate": { "custom_model_data": 5420131}, "model": "custom/moving/xneg"},
      { "predicate": { "custom_model_data": 5420132}, "model": "custom/moving/zpos"},
      { "predicate": { "custom_model_data": 5420133}, "model": "custom/moving/zneg"},
      { "predicate": { "custom_model_data": 5420134}, "model": "custom/moving/ypos"},
      { "predicate": { "custom_model_data": 5420135}, "model": "custom/moving/yneg"}
	]
}
