{
    "parent": "block/dark_oak_stairs",
     "overrides": [
 	{ "predicate": { "custom_model_data": 5420101}, "model": "custom/east/dark_oak_stairs"}, 	{ "predicate": { "custom_model_data": 5420102}, "model": "custom/south/dark_oak_stairs"}, 	{ "predicate": { "custom_model_data": 5420103}, "model": "custom/west/dark_oak_stairs"}, 	{ "predicate": { "custom_model_data": 5420104}, "model": "custom/northup/dark_oak_stairs"},     { "predicate": { "custom_model_data": 5420105}, "model": "custom/eastup/dark_oak_stairs"},     { "predicate": { "custom_model_data": 5420106}, "model": "custom/southup/dark_oak_stairs"},     { "predicate": { "custom_model_data": 5420107}, "model": "custom/westup/dark_oak_stairs"} 	]}
