{
    "parent": "block/dropper",
    "overrides": [
        {
            "predicate": {
                "custom_model_data": 5420101
            },
            "model": "custom/east/dropper"
        },
        {
            "predicate": {
                "custom_model_data": 5420102
            },
            "model": "custom/north/dropper"
        },
        {
            "predicate": {
                "custom_model_data": 5420103
            },
            "model": "custom/west/dropper"
        },
        {
            "predicate": {
                "custom_model_data": 5420104
            },
            "model": "custom/up/dropper"
        },
        {
            "predicate": {
                "custom_model_data": 5420105
            },
            "model": "custom/down/dropper"
        }
    ]

}
