{
    "parent": "block/jungle_stairs",
     "overrides": [
 	{ "predicate": { "custom_model_data": 5420101}, "model": "custom/east/jungle_stairs"}, 	{ "predicate": { "custom_model_data": 5420102}, "model": "custom/south/jungle_stairs"}, 	{ "predicate": { "custom_model_data": 5420103}, "model": "custom/west/jungle_stairs"}, 	{ "predicate": { "custom_model_data": 5420104}, "model": "custom/northup/jungle_stairs"},     { "predicate": { "custom_model_data": 5420105}, "model": "custom/eastup/jungle_stairs"},     { "predicate": { "custom_model_data": 5420106}, "model": "custom/southup/jungle_stairs"},     { "predicate": { "custom_model_data": 5420107}, "model": "custom/westup/jungle_stairs"} 	]}
