{
    "parent": "block/polished_blackstone_stairs",
    "overrides": [
	{ "predicate": { "custom_model_data": 5420101}, "model": "custom/east/polished_blackstone_stairs"},
	{ "predicate": { "custom_model_data": 5420102}, "model": "custom/south/polished_blackstone_stairs"},
	{ "predicate": { "custom_model_data": 5420103}, "model": "custom/west/polished_blackstone_stairs"},
	{ "predicate": { "custom_model_data": 5420104}, "model": "custom/northup/polished_blackstone_stairs"},
    { "predicate": { "custom_model_data": 5420105}, "model": "custom/eastup/polished_blackstone_stairs"},
    { "predicate": { "custom_model_data": 5420106}, "model": "custom/southup/polished_blackstone_stairs"},
    { "predicate": { "custom_model_data": 5420107}, "model": "custom/westup/polished_blackstone_stairs"}
	]}
