{
    "parent": "block/quartz_stairs",
     "overrides": [
 	{ "predicate": { "custom_model_data": 5420101}, "model": "custom/east/quartz_stairs"}, 	{ "predicate": { "custom_model_data": 5420102}, "model": "custom/south/quartz_stairs"}, 	{ "predicate": { "custom_model_data": 5420103}, "model": "custom/west/quartz_stairs"}, 	{ "predicate": { "custom_model_data": 5420104}, "model": "custom/northup/quartz_stairs"},     { "predicate": { "custom_model_data": 5420105}, "model": "custom/eastup/quartz_stairs"},     { "predicate": { "custom_model_data": 5420106}, "model": "custom/southup/quartz_stairs"},     { "predicate": { "custom_model_data": 5420107}, "model": "custom/westup/quartz_stairs"} 	]}
