{
    "parent": "block/sandstone_stairs",
     "overrides": [
 	{ "predicate": { "custom_model_data": 5420101}, "model": "custom/east/sandstone_stairs"}, 	{ "predicate": { "custom_model_data": 5420102}, "model": "custom/south/sandstone_stairs"}, 	{ "predicate": { "custom_model_data": 5420103}, "model": "custom/west/sandstone_stairs"}, 	{ "predicate": { "custom_model_data": 5420104}, "model": "custom/northup/sandstone_stairs"},     { "predicate": { "custom_model_data": 5420105}, "model": "custom/eastup/sandstone_stairs"},     { "predicate": { "custom_model_data": 5420106}, "model": "custom/southup/sandstone_stairs"},     { "predicate": { "custom_model_data": 5420107}, "model": "custom/westup/sandstone_stairs"} 	]}
