{
    "parent": "block/warped_stairs",
    "overrides": [
	{ "predicate": { "custom_model_data": 5420101}, "model": "custom/east/warped_stairs"},
	{ "predicate": { "custom_model_data": 5420102}, "model": "custom/south/warped_stairs"},
	{ "predicate": { "custom_model_data": 5420103}, "model": "custom/west/warped_stairs"},
	{ "predicate": { "custom_model_data": 5420104}, "model": "custom/northup/warped_stairs"},
    { "predicate": { "custom_model_data": 5420105}, "model": "custom/eastup/warped_stairs"},
    { "predicate": { "custom_model_data": 5420106}, "model": "custom/southup/warped_stairs"},
    { "predicate": { "custom_model_data": 5420107}, "model": "custom/westup/warped_stairs"}
	]}
