{
    "pools": [
        {
            "rolls": {
                "min": 1,
                "max": 2
            },
            "entries": [
                {
                    "type": "item",
                    "weight": 25,
                    "name": "minecraft:barrier",
                    "functions": [
                        {
                            "function": "set_nbt",
                            "tag": "{CanDestroy:[\"minecraft:petrified_oak_slab\"]}"
                        }
                    ]
                },
                {
                    "type": "item",
                    "weight": 75,
                    "name": "minecraft:air"
                }
            ]
        }
    ]
}