{
	"parent": "minecraft:item/handheld",
	"textures": {
		"layer0": "minecraft:item/carrot_on_a_stick"
	},
	"overrides": [
		{
			"model": "pmc:item/black_party_hat",
			"predicate": {
				"custom_model_data": 200
			}
		},
		{
			"model": "pmc:item/blue_party_hat",
			"predicate": {
				"custom_model_data": 201
			}
		},
		{
			"model": "pmc:item/brown_party_hat",
			"predicate": {
				"custom_model_data": 202
			}
		},
		{
			"model": "pmc:item/cyan_party_hat",
			"predicate": {
				"custom_model_data": 203
			}
		},
		{
			"model": "pmc:item/gray_party_hat",
			"predicate": {
				"custom_model_data": 204
			}
		},
		{
			"model": "pmc:item/green_party_hat",
			"predicate": {
				"custom_model_data": 205
			}
		},
		{
			"model": "pmc:item/light_blue_party_hat",
			"predicate": {
				"custom_model_data": 206
			}
		},
		{
			"model": "pmc:item/light_gray_party_hat",
			"predicate": {
				"custom_model_data": 207
			}
		},
		{
			"model": "pmc:item/lime_party_hat",
			"predicate": {
				"custom_model_data": 208
			}
		},
		{
			"model": "pmc:item/magenta_party_hat",
			"predicate": {
				"custom_model_data": 209
			}
		},
		{
			"model": "pmc:item/orange_party_hat",
			"predicate": {
				"custom_model_data": 210
			}
		},
		{
			"model": "pmc:item/pink_party_hat",
			"predicate": {
				"custom_model_data": 211
			}
		},
		{
			"model": "pmc:item/purple_party_hat",
			"predicate": {
				"custom_model_data": 212
			}
		},
		{
			"model": "pmc:item/red_party_hat",
			"predicate": {
				"custom_model_data": 213
			}
		},
		{
			"model": "pmc:item/white_party_hat",
			"predicate": {
				"custom_model_data": 214
			}
		},
		{
			"model": "pmc:item/yellow_party_hat",
			"predicate": {
				"custom_model_data": 215
			}
		},


		{
			"model": "pmc:item/creeper_party_mask",
			"predicate": {
				"custom_model_data": 216
			}
		}
	]
}