{
	"parent": "minecraft:item/handheld",
	"textures": {
		"layer0": "minecraft:item/warped_fungus_on_a_stick"
	},
	"overrides": [
		{
			"model": "pmc:item/black_confetti_popper",
			"predicate": {
				"custom_model_data": 200
			}
		},
		{
			"model": "pmc:item/blue_confetti_popper",
			"predicate": {
				"custom_model_data": 201
			}
		},
		{
			"model": "pmc:item/brown_confetti_popper",
			"predicate": {
				"custom_model_data": 202
			}
		},
		{
			"model": "pmc:item/cyan_confetti_popper",
			"predicate": {
				"custom_model_data": 203
			}
		},
		{
			"model": "pmc:item/gray_confetti_popper",
			"predicate": {
				"custom_model_data": 204
			}
		},
		{
			"model": "pmc:item/green_confetti_popper",
			"predicate": {
				"custom_model_data": 205
			}
		},
		{
			"model": "pmc:item/light_blue_confetti_popper",
			"predicate": {
				"custom_model_data": 206
			}
		},
		{
			"model": "pmc:item/light_gray_confetti_popper",
			"predicate": {
				"custom_model_data": 207
			}
		},
		{
			"model": "pmc:item/lime_confetti_popper",
			"predicate": {
				"custom_model_data": 208
			}
		},
		{
			"model": "pmc:item/magenta_confetti_popper",
			"predicate": {
				"custom_model_data": 209
			}
		},
		{
			"model": "pmc:item/orange_confetti_popper",
			"predicate": {
				"custom_model_data": 210
			}
		},
		{
			"model": "pmc:item/pink_confetti_popper",
			"predicate": {
				"custom_model_data": 211
			}
		},
		{
			"model": "pmc:item/purple_confetti_popper",
			"predicate": {
				"custom_model_data": 212
			}
		},
		{
			"model": "pmc:item/red_confetti_popper",
			"predicate": {
				"custom_model_data": 213
			}
		},
		{
			"model": "pmc:item/white_confetti_popper",
			"predicate": {
				"custom_model_data": 214
			}
		},
		{
			"model": "pmc:item/yellow_confetti_popper",
			"predicate": {
				"custom_model_data": 215
			}
		},



		{
			"model": "pmc:item/black_noise_maker",
			"predicate": {
				"custom_model_data": 216
			}
		},
		{
			"model": "pmc:item/blue_noise_maker",
			"predicate": {
				"custom_model_data": 217
			}
		},
		{
			"model": "pmc:item/brown_noise_maker",
			"predicate": {
				"custom_model_data": 218
			}
		},
		{
			"model": "pmc:item/cyan_noise_maker",
			"predicate": {
				"custom_model_data": 219
			}
		},
		{
			"model": "pmc:item/gray_noise_maker",
			"predicate": {
				"custom_model_data": 220
			}
		},
		{
			"model": "pmc:item/green_noise_maker",
			"predicate": {
				"custom_model_data": 221
			}
		},
		{
			"model": "pmc:item/light_blue_noise_maker",
			"predicate": {
				"custom_model_data": 222
			}
		},
		{
			"model": "pmc:item/light_gray_noise_maker",
			"predicate": {
				"custom_model_data": 223
			}
		},
		{
			"model": "pmc:item/lime_noise_maker",
			"predicate": {
				"custom_model_data": 224
			}
		},
		{
			"model": "pmc:item/magenta_noise_maker",
			"predicate": {
				"custom_model_data": 225
			}
		},
		{
			"model": "pmc:item/orange_noise_maker",
			"predicate": {
				"custom_model_data": 226
			}
		},
		{
			"model": "pmc:item/pink_noise_maker",
			"predicate": {
				"custom_model_data": 227
			}
		},
		{
			"model": "pmc:item/purple_noise_maker",
			"predicate": {
				"custom_model_data": 228
			}
		},
		{
			"model": "pmc:item/red_noise_maker",
			"predicate": {
				"custom_model_data": 229
			}
		},
		{
			"model": "pmc:item/white_noise_maker",
			"predicate": {
				"custom_model_data": 230
			}
		},
		{
			"model": "pmc:item/yellow_noise_maker",
			"predicate": {
				"custom_model_data": 231
			}
		}
	]
}