{
  "parent": "minecraft:item/generated",
  "textures": {
    "layer0": "minecraft:custom/moving/backward"
  },
  "display": {
    "thirdperson_righthand": {
      "rotation": [ 0, 0, 0 ],
      "translation": [ 0, 0, 0 ],
      "scale": [ 0, 0, 0 ]
    },
    "thirdperson_lefthand": {
      "rotation": [ 0, 0, 0 ],
      "translation": [ 0, 0, 0 ],
      "scale": [ 0, 0, 0 ]
    },
    "head": {
      "rotation": [ 0, 0, 0 ],
      "translation": [ 0, 0, 0 ],
      "scale": [ 0, 0, 0 ]
    },
    "ground": {
      "rotation": [ 0, 0, 0 ],
      "translation": [ 0, 0, 0 ],
      "scale": [ 0.5, 0.5, 0.5 ]
    },
    "fixed": {
      "rotation": [ 0, 0, 0 ],
      "translation": [ 0, 0, 0 ],
      "scale": [ 1, 1, 1 ]
    },
    "firstperson_righthand": {
      "rotation": [ 0, 0, 0 ],
      "translation": [ 0, 0, 0 ],
      "scale": [ 0, 0, 0 ]
    },
    "firstperson_lefthand": {
      "rotation": [ 0, 0, 0 ],
      "translation": [ 0, 0, 0 ],
      "scale": [ 0, 0,0 ]
    },
    "gui": {
      "rotation": [ 0, 0, 0 ],
      "translation": [ 0, 0, 0 ],
      "scale": [ 1, 1, 1 ]
    }
  }
}