{
  "type": "minecraft:decorated",
  "config": {
    "decorator": {
      "type": "minecraft:count_multilayer",
      "config": {
        "count": 1
      }
    },
    "feature": {
      "type": "minecraft:decorated",
      "config": {
        "decorator": {
          "type": "minecraft:iceberg",
          "config": {}
        },
        "feature": {
          "type": "minecraft:block_pile",
          "config": {
            "state_provider": {
              "type": "minecraft:weighted_state_provider",
              "entries": [
                {
                  "weight": 20,
                  "data": {
                    "Name": "minecraft:obsidian"
                  }
                },
                {
                  "weight": 1,
                  "data": {
                    "Name": "minecraft:bedrock"
                  }
                }
              ]
            }
          }
        }
      }
    }
  }
}