{
  "config": {
    "feature": {
      "config": {
        "contents": {
          "Properties": {
            "level": "0"
          },
          "Name": "minecraft:obsidian"
        },
        "rim": {
          "Name": "minecraft:bedrock"
        },
        "size": {
          "base": 3,
          "spread": 5
        },
        "rim_size": {
          "base": 0,
          "spread": 2
        }
      },
      "type": "minecraft:delta_feature"
    },
    "decorator": {
      "config": {
        "count": 120
      },
      "type": "minecraft:count_multilayer"
    }
  },
  "type": "minecraft:decorated"
}