{
  "config": {
    "feature": {
      "config": {
        "contents": {
          "Properties": {
            "level": "0"
          },
          "Name": "minecraft:snow_block"
        },
        "rim": {
          "Name": "minecraft:ice"
        },
        "size": {
          "base": 1,
          "spread": 2
        },
        "rim_size": {
          "base": 2,
          "spread": 3
        }
      },
      "type": "minecraft:delta_feature"
    },
    "decorator": {
      "config": {
        "count": 16
      },
      "type": "minecraft:count_multilayer"
    }
  },
  "type": "minecraft:decorated"
}