{
  "config": {
    "can_replace": false,
    "project": false,
    "need_water": false,
    "xspread": 7,
    "yspread": 3,
    "zspread": 7,
    "whitelist": [],
    "blacklist": [],
    "tries": 64,
    "state_provider": {
              "entries": [
                {
                  "weight": 1,
                  "data": {
                    "Name": "minecraft:brown_mushroom"
                  }
                },
                {
                  "weight": 1,
                  "data": {
                    "Name": "minecraft:red_mushroom"
                  }
                },
                {
                  "weight": 2,
                  "data": {
                    "Name": "minecraft:nether_sprouts"
                  }
                },
                {
                  "weight": 1,
                  "data": {
                    "Name": "minecraft:warped_roots"
                  }
                },
                {
                  "weight": 1,
                  "data": {
                    "Name": "minecraft:crimson_roots"
                  }
                }
              ],
      "type": "minecraft:weighted_state_provider"
    },
    "block_placer": {
      "type": "minecraft:simple_block_placer"
    }
  },
  "type": "minecraft:random_patch"
}