{
  "config": {
    "feature": {
      "config": {
        "feature": {
          "config": {
            "feature": {
              "config": {
                "can_replace": false,
                "project": false,
                "need_water": false,
                "xspread": 7,
                "yspread": 3,
                "zspread": 7,
                "whitelist": [],
                "blacklist": [],
                "tries": 64,
                "state_provider": {
                  "state": {
                    "Properties": {
                      "half": "lower"
                    },
                    "Name": "minecraft:tall_grass"
                  },
                  "type": "minecraft:simple_state_provider"
                },
                "block_placer": {
                  "type": "minecraft:double_plant_placer"
                }
              },
              "type": "minecraft:random_patch"
            },
            "decorator": {
              "config": {},
              "type": "minecraft:spread_32_above"
            }
          },
          "type": "minecraft:decorated"
        },
        "decorator": {
          "config": {
            "outer": {
              "config": {},
              "type": "minecraft:square"
            },
            "inner": {
              "config": {},
              "type": "minecraft:heightmap"
            }
          },
          "type": "minecraft:decorated"
        }
      },
      "type": "minecraft:decorated"
    },
    "decorator": {
      "config": {
        "count": 60
      },
      "type": "minecraft:count"
    }
  },
  "type": "minecraft:decorated"
}