{
  "config": {
    "feature": {
      "config": {
        "feature": {
          "config": {
            "max_water_depth": 1,
            "ignore_vines": false,
            "heightmap": "OCEAN_FLOOR",
            "minimum_size": {
              "limit": 1,
              "lower_size": 0,
              "upper_size": 1,
              "type": "minecraft:two_layers_feature_size"
            },
            "decorators": [
              {
                "provider": {
                  "state": {
                    "Properties": {
                      "snowy": "false"
                    },
                    "Name": "minecraft:coarse_dirt"
                  },
                  "type": "minecraft:simple_state_provider"
                },
                "type": "minecraft:alter_ground"
              }
            ],
            "trunk_provider": {
              "state": {
                "Properties": {
                "north": "false",
                "south": "false",
                "east": "false",
                "west": "false",
                "waterlogged": "false"
              },
                "Name": "minecraft:dark_oak_fence"
              },
              "type": "minecraft:simple_state_provider"
            },
            "leaves_provider": {
              "state": {
                "Properties": {
                  "persistent": "true",
                  "distance": "7"
                },
                "Name": "minecraft:spruce_leaves"
              },
              "type": "minecraft:simple_state_provider"
            },
            "foliage_placer": {
              "radius": 1,
              "offset": 0,
              "height": 2,
              "type": "minecraft:fancy_foliage_placer"
            },
            "trunk_placer": {
              "base_height": 0,
              "height_rand_a": 2,
              "height_rand_b": 0,
              "type": "minecraft:straight_trunk_placer"
            }
          },
          "type": "minecraft:tree"
        },
        "decorator": {
          "config": {
            "outer": {
              "config": {},
              "type": "minecraft:square"
            },
            "inner": {
              "config": {},
              "type": "minecraft:heightmap"
            }
          },
          "type": "minecraft:decorated"
        }
      },
      "type": "minecraft:decorated"
    },
    "decorator": {
      "config": {
        "count": 1,
        "extra_chance": 0.1,
        "extra_count": 0
      },
      "type": "minecraft:count_extra"
    }
  },
  "type": "minecraft:decorated"
}