{
    "parent": "item/bow",
    "textures": {
        "layer0": "item/netherite_bow/bow"
    },
    "display": {
        "thirdperson_righthand": {
            "rotation": [ -80, 260, -40 ],
            "translation": [ -1, -2, 2.5 ],
            "scale": [ 1.19, 1.19, 0.95 ]
        },
        "thirdperson_lefthand": {
            "rotation": [ -80, -280, 40 ],
            "translation": [ -1, -2, 2.5 ],
            "scale": [ 1.19, 1.19, 0.95 ]
        },
        "firstperson_righthand": {
            "rotation": [ 0, -90, 25 ],
            "translation": [ 1.13, 3.2, 1.13],
            "scale": [ 0.85, 0.85, 0.68 ]
        },
        "firstperson_lefthand": {
            "rotation": [ 0, 90, -25 ],
            "translation": [ 1.13, 3.2, 1.13],
            "scale": [ 0.85, 0.85, 0.68 ]
        },
        "fixed": {
            "rotation": [ 0, 0, -90 ],
            "translation": [ 0, 0, 0 ],
            "scale": [ 1.13, 1.13, 1.0 ]
        },
        "gui": {
            "rotation": [ 0, 0, 0 ],
            "translation": [ 0, 0, 0 ],
            "scale": [ 1.13, 1.13, 1.0 ]
        }
    }
}