{
    "__comment": "Made with TheDestruc7i0n's advancements generator: https://advancements.thedestruc7i0n.ca",
    "criteria": {
        "Get 10 Health": {
            "trigger": "minecraft:impossible"
        }
    },
    "display": {
        "announce_to_chat": true,
        "title": {
            "text": "You Can"
        },
        "icon": {
            "item": "minecraft:potion",
            "nbt": "{Potion:\"minecraft:healing\"}"
        },
        "show_toast": true,
        "hidden": false,
        "frame": "task",
        "description": {
            "text": "Have 10 hearts of health"
        }
    },
    "parent": "heartberries:root"
}
