{
    "__comment": "Made with TheDestruc7i0n's advancements generator: https://advancements.thedestruc7i0n.ca",
    "criteria": {
        "All Berrymail Armor": {
            "trigger": "minecraft:inventory_changed",
            "conditions": {
                "items": [
                    {
                        "item": "minecraft:chainmail_helmet",
                        "nbt": "{AttributeModifiers:[{Name: \"h_heart_armor\", Amount:20b}]}"
                    },
                    {
                        "item": "minecraft:chainmail_chestplate",
                        "nbt": "{AttributeModifiers:[{Name: \"h_heart_armor\", Amount:20b}]}"
                    },
                    {
                        "item": "minecraft:chainmail_leggings",
                        "nbt": "{AttributeModifiers:[{Name: \"h_heart_armor\", Amount:20b}]}"
                    },
                    {
                        "item": "minecraft:chainmail_boots",
                        "nbt": "{AttributeModifiers:[{Name: \"h_heart_armor\", Amount:20b}]}"
                    }
                ]
            }
        }
    },
    "display": {
        "title": {
            "text": "Laughter In a Time of War"
        },
        "description": {
            "text": "Have a full suit of maxed out Berrymail Armor"
        },
        "icon": {
            "item": "minecraft:chainmail_chestplate"
        },
        "frame": "challenge",
        "show_toast": true,
        "announce_to_chat": true,
        "hidden": false
    },
    "parent": "heartberries:piece_berrymail"
}
