{
    "__comment": "Made with TheDestruc7i0n's advancements generator: https://advancements.thedestruc7i0n.ca",
    "criteria": {
        "Berrymail Armor": {
            "trigger": "minecraft:inventory_changed",
            "conditions": {
                "items": [
                    {
                        "nbt": "{AttributeModifiers:[{Name:\"h_heart_armor\"}]}"
                    }
                ]
            }
        }
    },
    "display": {
        "title": {
            "text": "Learning to Love"
        },
        "description": {
            "text": "Have a piece of Berrymail armor"
        },
        "icon": {
            "item": "minecraft:chainmail_chestplate"
        },
        "frame": "task",
        "show_toast": true,
        "announce_to_chat": true,
        "hidden": false
    },
    "parent": "heartberries:10_health"
}
