{
    "__comment": "Made with TheDestruc7i0n's advancements generator: https://advancements.thedestruc7i0n.ca",
    "criteria": {
      "Eat Heart Berry": {
          "trigger": "minecraft:consume_item",
          "conditions": {
              "item": {
                  "item": "minecraft:sweet_berries",
                  "nbt": "{heartberries:1}"
              }
          }
      }
    },
    "display": {
        "title": {
            "text": "Heart Berries"
        },
        "icon": {
            "nbt": "{Enchantments:[{}]}",
            "item": "minecraft:sweet_berries"
        },
        "description": {
            "text": "Eat a Heart Berry"
        },
        "show_toast": true,
        "frame": "task",
        "hidden": false,
        "announce_to_chat": true,
        "background": "minecraft:textures/gui/advancements/backgrounds/husbandry.png"
    }
}
