{
	"credit": "Made with Blockbench",
	"textures": {
		"0": "security/cameras/black_concrete",
		"1": "security/cameras/black_stained_glass",
		"2": "security/cameras/gray_concrete",
		"3": "security/cameras/light_gray_concrete",
		"4": "security/cameras/white_concrete",
		"particle": "security/cameras/black_concrete"
	},
	"elements": [
		{
			"from": [6, 0, 8],
			"to": [10, 2, 11],
			"rotation": {"angle": 0, "axis": "y", "origin": [16, 9, 18]},
			"faces": {
				"north": {"uv": [0, 0, 4, 2], "texture": "#4"},
				"east": {"uv": [0, 0, 3, 2], "texture": "#4"},
				"south": {"uv": [0, 0, 4, 2], "texture": "#4"},
				"west": {"uv": [0, 0, 3, 2], "texture": "#4"},
				"up": {"uv": [0, 0, 4, 3], "texture": "#4"},
				"down": {"uv": [0, 0, 4, 3], "texture": "#4"}
			}
		},
		{
			"from": [6.25, 1.725, 8.125],
			"to": [9.75, 4.725, 12.125],
			"rotation": {"angle": -45, "axis": "x", "origin": [8, 0.725, 10.125]},
			"faces": {
				"north": {"uv": [0, 0, 3.5, 3], "texture": "#4"},
				"east": {"uv": [0, 0, 4, 3], "texture": "#4"},
				"south": {"uv": [0, 0, 3.5, 3], "texture": "#4"},
				"west": {"uv": [0, 0, 4, 3], "texture": "#4"},
				"up": {"uv": [0, 0, 3.5, 4], "texture": "#4"},
				"down": {"uv": [0, 0, 3.5, 4], "texture": "#4"}
			}
		},
		{
			"from": [6.25, 1.725, 6.875],
			"to": [9.75, 4.725, 10.875],
			"rotation": {"angle": 45, "axis": "x", "origin": [8, 0.725, 8.875]},
			"faces": {
				"north": {"uv": [3.5, 0, 7, 3], "texture": "#4"},
				"east": {"uv": [4, 0, 8, 3], "texture": "#4"},
				"south": {"uv": [3.5, 0, 7, 3], "texture": "#4"},
				"west": {"uv": [4, 0, 8, 3], "texture": "#4"},
				"up": {"uv": [0, 4, 3.5, 8], "texture": "#4"},
				"down": {"uv": [0, 4, 3.5, 8], "texture": "#4"}
			}
		},
		{
			"from": [5, 2, 3],
			"to": [11, 8, 15],
			"rotation": {"angle": 0, "axis": "y", "origin": [13, 10, 7]},
			"faces": {
				"north": {"uv": [0, 0, 6, 6], "texture": "#0"},
				"east": {"uv": [0, 0, 12, 6], "texture": "#3"},
				"south": {"uv": [0, 0, 6, 6], "texture": "#3"},
				"west": {"uv": [0, 0, 12, 6], "texture": "#3"},
				"up": {"uv": [0, 0, 6, 12], "texture": "#3"},
				"down": {"uv": [0, 0, 6, 12], "texture": "#3"}
			}
		},
		{
			"from": [4, 3, 5],
			"to": [12, 7, 16],
			"rotation": {"angle": 0, "axis": "y", "origin": [13, 10, 7]},
			"faces": {
				"north": {"uv": [0, 0, 8, 4], "texture": "#2"},
				"east": {"uv": [0, 0, 11, 4], "texture": "#2"},
				"south": {"uv": [0, 0, 8, 4], "texture": "#2"},
				"west": {"uv": [0, 0, 11, 4], "texture": "#2"},
				"up": {"uv": [0, 0, 8, 11], "texture": "#2"},
				"down": {"uv": [0, 0, 8, 11], "texture": "#2"}
			}
		},
		{
			"from": [6, 3, 1],
			"to": [10, 7, 1],
			"rotation": {"angle": 0, "axis": "y", "origin": [13, 10, 5]},
			"faces": {
				"north": {"uv": [0, 0, 16, 16], "texture": "#1"}
			}
		},
		{
			"from": [5, 7, -1],
			"to": [11, 8, 3],
			"rotation": {"angle": 0, "axis": "y", "origin": [13, 10, 3]},
			"faces": {
				"north": {"uv": [0, 0, 6, 1], "texture": "#3"},
				"east": {"uv": [0, 0, 4, 1], "texture": "#3"},
				"south": {"uv": [0, 0, 6, 1], "texture": "#3"},
				"west": {"uv": [0, 0, 4, 1], "texture": "#3"},
				"up": {"uv": [0, 0, 6, 4], "texture": "#3"},
				"down": {"uv": [0, 0, 6, 4], "texture": "#3"}
			}
		},
		{
			"from": [5, 2.125, 1.025],
			"to": [11, 3, 3],
			"rotation": {"angle": 0, "axis": "y", "origin": [13, 5, 3]},
			"faces": {
				"north": {"uv": [0, 0, 6, 0.875], "texture": "#3"},
				"east": {"uv": [0, 0, 1.975, 0.875], "texture": "#3"},
				"south": {"uv": [0, 0, 6, 0.875], "texture": "#3"},
				"west": {"uv": [0, 0, 1.975, 0.875], "texture": "#3"},
				"up": {"uv": [0, 0, 6, 1.975], "texture": "#3"},
				"down": {"uv": [0, 0, 6, 1.975], "texture": "#3"}
			}
		},
		{
			"from": [5, 2, 2.025],
			"to": [11, 2.875, 3],
			"rotation": {"angle": 0, "axis": "y", "origin": [13, 4.875, 3]},
			"faces": {
				"north": {"uv": [0, 0, 6, 0.875], "texture": "#3"},
				"east": {"uv": [0, 0, 0.975, 0.875], "texture": "#3"},
				"south": {"uv": [0, 0, 6, 0.875], "texture": "#3"},
				"west": {"uv": [0, 0, 0.975, 0.875], "texture": "#3"},
				"up": {"uv": [0, 0, 6, 0.975], "texture": "#3"},
				"down": {"uv": [0, 0, 6, 0.975], "texture": "#3"}
			}
		},
		{
			"from": [10, 3, 1],
			"to": [11, 7, 3],
			"rotation": {"angle": 0, "axis": "y", "origin": [13, 6, 3]},
			"faces": {
				"north": {"uv": [0, 0, 1, 4], "texture": "#3"},
				"east": {"uv": [0, 0, 2, 4], "texture": "#3"},
				"south": {"uv": [0, 0, 1, 4], "texture": "#3"},
				"west": {"uv": [0, 0, 2, 4], "texture": "#3"},
				"up": {"uv": [0, 0, 1, 2], "texture": "#3"},
				"down": {"uv": [0, 0, 1, 2], "texture": "#3"}
			}
		},
		{
			"from": [5, 3, 1],
			"to": [6, 7, 3],
			"rotation": {"angle": 0, "axis": "y", "origin": [8, 6, 3]},
			"faces": {
				"north": {"uv": [0, 0, 1, 4], "texture": "#3"},
				"east": {"uv": [0, 0, 2, 4], "texture": "#3"},
				"south": {"uv": [0, 0, 1, 4], "texture": "#3"},
				"west": {"uv": [0, 0, 2, 4], "texture": "#3"},
				"up": {"uv": [0, 0, 1, 2], "texture": "#3"},
				"down": {"uv": [0, 0, 1, 2], "texture": "#3"}
			}
		},
		{
			"from": [5.025, 2.275, -0.3],
			"to": [6.025, 7.525, 1.7],
			"rotation": {"angle": -22.5, "axis": "x", "origin": [5.525, 5.525, 0.7]},
			"faces": {
				"north": {"uv": [0, 0, 1, 5.25], "texture": "#3"},
				"east": {"uv": [0, 0, 2, 5.25], "texture": "#3"},
				"south": {"uv": [0, 0, 1, 5.25], "texture": "#3"},
				"west": {"uv": [0, 0, 2, 5.25], "texture": "#3"},
				"up": {"uv": [0, 0, 1, 2], "texture": "#3"},
				"down": {"uv": [0, 0, 1, 2], "texture": "#3"}
			}
		},
		{
			"from": [9.975, 2.275, -0.3],
			"to": [10.975, 7.525, 1.7],
			"rotation": {"angle": -22.5, "axis": "x", "origin": [10.475, 5.525, 0.7]},
			"faces": {
				"north": {"uv": [1, 0, 2, 5.25], "texture": "#3"},
				"east": {"uv": [2, 0, 4, 5.25], "texture": "#3"},
				"south": {"uv": [1, 0, 2, 5.25], "texture": "#3"},
				"west": {"uv": [2, 0, 4, 5.25], "texture": "#3"},
				"up": {"uv": [1, 0, 2, 2], "texture": "#3"},
				"down": {"uv": [1, 0, 2, 2], "texture": "#3"}
			}
		}
	],
	"gui_light": "front",
	"display": {
		"thirdperson_righthand": {
			"rotation": [75, 45, 0],
			"translation": [0, 2.5, 0],
			"scale": [0.375, 0.375, 0.375]
		},
		"firstperson_righthand": {
			"rotation": [0, 45, 0],
			"scale": [0.4, 0.4, 0.4]
		},
		"firstperson_lefthand": {
			"rotation": [0, 225, 0],
			"scale": [0.4, 0.4, 0.4]
		},
		"ground": {
			"translation": [0, -1.75, 0],
			"scale": [0.25, 0.25, 0.25]
		},
		"gui": {
			"rotation": [30, 225, 0],
			"scale": [0.625, 0.625, 0.625]
		},
		"head": {
			"translation": [0, 9, -2.75],
			"scale": [1.8, 1.8, 1.8]
		},
		"fixed": {
			"rotation": [-90, 0, 0],
			"translation": [0, 0, -16],
			"scale": [2.01, 2.01, 2.01]
		}
	}
}