{
	"credit": "Made with Blockbench",
	"textures": {
		"0": "security/cameras/light_gray_concrete",
		"1": "security/cameras/white_concrete",
		"particle": "security/cameras/light_gray_concrete"
	},
	"elements": [
		{
			"from": [4, 0, 5.25],
			"to": [12, 1, 13.25],
			"rotation": {"angle": 0, "axis": "y", "origin": [8, 0.5, 7.25]},
			"faces": {
				"north": {"uv": [0, 0, 8, 1], "texture": "#1"},
				"east": {"uv": [0, 0, 8, 1], "texture": "#1"},
				"south": {"uv": [0, 0, 8, 1], "texture": "#1"},
				"west": {"uv": [0, 0, 8, 1], "texture": "#1"},
				"up": {"uv": [0, 0, 8, 8], "rotation": 90, "texture": "#1"},
				"down": {"uv": [0, 0, 8, 8], "rotation": 270, "texture": "#1"}
			}
		},
		{
			"from": [7, 0, 3.25],
			"to": [9, 0.75, 15.25],
			"rotation": {"angle": 0, "axis": "y", "origin": [8, 3.81683, 8.82834]},
			"faces": {
				"north": {"uv": [0, 0, 2, 0.75], "texture": "#1"},
				"east": {"uv": [0, 0, 12, 0.75], "texture": "#1"},
				"south": {"uv": [0, 0, 2, 0.75], "texture": "#1"},
				"west": {"uv": [0, 0, 12, 0.75], "texture": "#1"},
				"up": {"uv": [0, 0, 12, 2], "rotation": 90, "texture": "#1"},
				"down": {"uv": [0, 0, 12, 2], "rotation": 270, "texture": "#1"}
			}
		},
		{
			"from": [2, 0, 8.25],
			"to": [14, 0.75, 10.25],
			"rotation": {"angle": 0, "axis": "y", "origin": [8, 3.81683, 8.82834]},
			"faces": {
				"north": {"uv": [0, 0, 12, 0.75], "texture": "#1"},
				"east": {"uv": [0, 0, 2, 0.75], "texture": "#1"},
				"south": {"uv": [0, 0, 12, 0.75], "texture": "#1"},
				"west": {"uv": [0, 0, 2, 0.75], "texture": "#1"},
				"up": {"uv": [0, 0, 12, 2], "rotation": 180, "texture": "#1"},
				"down": {"uv": [0, 0, 12, 2], "rotation": 180, "texture": "#1"}
			}
		},
		{
			"from": [6.5, 1, 7.75],
			"to": [9.5, 4, 10.75],
			"rotation": {"angle": 0, "axis": "y", "origin": [8, 3.81683, 8.82834]},
			"faces": {
				"north": {"uv": [0, 0, 3, 3], "texture": "#0"},
				"east": {"uv": [0, 0, 3, 3], "texture": "#0"},
				"south": {"uv": [0, 0, 3, 3], "texture": "#0"},
				"west": {"uv": [0, 0, 3, 3], "texture": "#0"},
				"up": {"uv": [0, 0, 3, 3], "rotation": 90, "texture": "#0"},
				"down": {"uv": [0, 0, 3, 3], "rotation": 270, "texture": "#0"}
			}
		},
		{
			"from": [5.5, 1, 6.75],
			"to": [10.5, 2, 11.75],
			"rotation": {"angle": 0, "axis": "y", "origin": [8, 3.81683, 8.82834]},
			"faces": {
				"north": {"uv": [0, 0, 5, 1], "texture": "#0"},
				"east": {"uv": [0, 0, 5, 1], "texture": "#0"},
				"south": {"uv": [0, 0, 5, 1], "texture": "#0"},
				"west": {"uv": [0, 0, 5, 1], "texture": "#0"},
				"up": {"uv": [0, 0, 5, 5], "rotation": 90, "texture": "#0"},
				"down": {"uv": [0, 0, 5, 5], "rotation": 270, "texture": "#0"}
			}
		},
		{
			"from": [6.75, 7, 7],
			"to": [9.25, 9, 9],
			"rotation": {"angle": 0, "axis": "y", "origin": [8, -0.18317, 9.57834]},
			"faces": {
				"north": {"uv": [0, 0, 2.5, 2], "texture": "#0"},
				"east": {"uv": [0, 0, 2, 2], "texture": "#0"},
				"south": {"uv": [0, 0, 2.5, 2], "texture": "#0"},
				"west": {"uv": [0, 0, 2, 2], "texture": "#0"},
				"up": {"uv": [0, 0, 2, 2.5], "rotation": 90, "texture": "#0"},
				"down": {"uv": [0, 0, 2, 2.5], "rotation": 270, "texture": "#0"}
			}
		},
		{
			"from": [7, 2.19157, 9.99357],
			"to": [9, 7.44157, 11.74357],
			"rotation": {"angle": -22.5, "axis": "x", "origin": [8, -0.18317, 9.57834]},
			"faces": {
				"north": {"uv": [0, 0, 2, 5.25], "texture": "#0"},
				"east": {"uv": [0, 0, 1.75, 5.25], "texture": "#0"},
				"south": {"uv": [0, 0, 2, 5.25], "texture": "#0"},
				"west": {"uv": [0, 0, 1.75, 5.25], "texture": "#0"},
				"up": {"uv": [0, 0, 1.75, 2], "rotation": 90, "texture": "#0"},
				"down": {"uv": [0, 0, 1.75, 2], "rotation": 270, "texture": "#0"}
			}
		}
	],
	"gui_light": "front",
	"display": {
		"thirdperson_righthand": {
			"rotation": [75, 45, 0],
			"translation": [0, 2.5, 0],
			"scale": [0.375, 0.375, 0.375]
		},
		"firstperson_righthand": {
			"rotation": [0, 45, 0],
			"scale": [0.4, 0.4, 0.4]
		},
		"firstperson_lefthand": {
			"rotation": [0, 225, 0],
			"scale": [0.4, 0.4, 0.4]
		},
		"ground": {
			"translation": [0, -1.75, 0],
			"scale": [0.25, 0.25, 0.25]
		},
		"gui": {
			"rotation": [30, 225, 0],
			"scale": [0.625, 0.625, 0.625]
		},
		"fixed": {
			"rotation": [-90, 0, 0],
			"translation": [0, 0, -16],
			"scale": [2.01, 2.01, 2.01]
		}
	}
}