{
	"credit": "Made with Blockbench",
	"textures": {
		"2": "security/cameras/white_concrete",
		"3": "security/cameras/black_concrete",
		"4": "security/cameras/gray_concrete",
		"5": "security/cameras/gray_stained_glass",
		"particle": "security/cameras/gray_stained_glass"
	},
	"elements": [
		{
			"from": [3, 0, 3],
			"to": [13, 3, 13],
			"rotation": {"angle": 0, "axis": "y", "origin": [11, 8, 11]},
			"faces": {
				"north": {"uv": [0, 0, 10, 3], "texture": "#2"},
				"east": {"uv": [0, 0, 10, 3], "texture": "#2"},
				"south": {"uv": [0, 0, 10, 3], "texture": "#2"},
				"west": {"uv": [0, 0, 10, 3], "texture": "#2"},
				"up": {"uv": [0, 0, 10, 10], "texture": "#2"},
				"down": {"uv": [0, 0, 10, 10], "texture": "#2"}
			}
		},
		{
			"from": [3.75, 3, 3.75],
			"to": [12.25, 3.5, 12.5],
			"rotation": {"angle": 0, "axis": "y", "origin": [11, 9, 11]},
			"faces": {
				"north": {"uv": [0, 0, 8.5, 0.5], "texture": "#4"},
				"east": {"uv": [0, 0, 8.75, 0.5], "texture": "#4"},
				"south": {"uv": [0, 0, 8.5, 0.5], "texture": "#4"},
				"west": {"uv": [0, 0, 8.75, 0.5], "texture": "#4"},
				"up": {"uv": [0, 0, 8.5, 8.75], "texture": "#4"},
				"down": {"uv": [0, 0, 8.5, 8.75], "texture": "#4"}
			}
		},
		{
			"from": [4, 3.5, 4],
			"to": [12, 7, 12],
			"rotation": {"angle": 0, "axis": "y", "origin": [12, 11, 12]},
			"faces": {
				"north": {"uv": [0, 0, 16, 7], "texture": "#5"},
				"east": {"uv": [0, 0, 16, 7], "texture": "#5"},
				"south": {"uv": [0, 0, 16, 7], "texture": "#5"},
				"west": {"uv": [0, 0, 16, 7], "texture": "#5"},
				"up": {"uv": [0, 0, 16, 16], "texture": "#5"}
			}
		},
		{
			"from": [6, 3, 6],
			"to": [10, 6, 10],
			"rotation": {"angle": 0, "axis": "y", "origin": [14, 11, 14]},
			"faces": {
				"north": {"uv": [0, 0, 4, 3], "texture": "#3"},
				"east": {"uv": [0, 0, 4, 3], "texture": "#3"},
				"south": {"uv": [0, 0, 4, 3], "texture": "#3"},
				"west": {"uv": [0, 0, 4, 3], "texture": "#3"},
				"up": {"uv": [0, 0, 4, 4], "texture": "#3"},
				"down": {"uv": [0, 0, 4, 4], "texture": "#3"}
			}
		}
	],
	"gui_light": "front",
	"display": {
		"thirdperson_righthand": {
			"rotation": [75, 45, 0],
			"translation": [0, 2.5, 0],
			"scale": [0.375, 0.375, 0.375]
		},
		"firstperson_righthand": {
			"rotation": [0, 45, 0],
			"scale": [0.4, 0.4, 0.4]
		},
		"firstperson_lefthand": {
			"rotation": [0, 225, 0],
			"scale": [0.4, 0.4, 0.4]
		},
		"ground": {
			"translation": [0, -1.75, 0],
			"scale": [0.25, 0.25, 0.25]
		},
		"gui": {
			"rotation": [30, 225, 0],
			"scale": [0.625, 0.625, 0.625]
		},
		"fixed": {
			"rotation": [-90, 0, 0],
			"translation": [0, 0, -16],
			"scale": [2.01, 2.01, 2.01]
		}
	}
}