{
	"credit": "Made with Blockbench",
	"textures": {
		"0": "security/cameras/light_gray_concrete",
		"1": "security/cameras/white_concrete",
		"particle": "security/cameras/light_gray_concrete"
	},
	"elements": [
		{
			"from": [4, 0.08496, 1.98984],
			"to": [12, 1.08496, 9.98984],
			"rotation": {"angle": 0, "axis": "y", "origin": [8, 3.23939, 6.99074]},
			"faces": {
				"north": {"uv": [0, 0, 8, 1], "texture": "#1"},
				"east": {"uv": [0, 0, 8, 1], "texture": "#1"},
				"south": {"uv": [0, 0, 8, 1], "texture": "#1"},
				"west": {"uv": [0, 0, 8, 1], "texture": "#1"},
				"up": {"uv": [0, 0, 8, 8], "rotation": 90, "texture": "#1"},
				"down": {"uv": [0, 0, 8, 8], "rotation": 270, "texture": "#1"}
			}
		},
		{
			"from": [7, 0.08496, -0.01016],
			"to": [9, 0.83496, 11.98984],
			"rotation": {"angle": 0, "axis": "y", "origin": [8, 3.23939, 6.99074]},
			"faces": {
				"north": {"uv": [0, 0, 2, 0.75], "texture": "#1"},
				"east": {"uv": [0, 0, 12, 0.75], "texture": "#1"},
				"south": {"uv": [0, 0, 2, 0.75], "texture": "#1"},
				"west": {"uv": [0, 0, 12, 0.75], "texture": "#1"},
				"up": {"uv": [0, 0, 12, 2], "rotation": 90, "texture": "#1"},
				"down": {"uv": [0, 0, 12, 2], "rotation": 270, "texture": "#1"}
			}
		},
		{
			"from": [2, 0.08496, 4.98984],
			"to": [14, 0.83496, 6.98984],
			"rotation": {"angle": 0, "axis": "y", "origin": [8, 3.23939, 6.99074]},
			"faces": {
				"north": {"uv": [0, 0, 12, 0.75], "texture": "#1"},
				"east": {"uv": [0, 0, 2, 0.75], "texture": "#1"},
				"south": {"uv": [0, 0, 12, 0.75], "texture": "#1"},
				"west": {"uv": [0, 0, 2, 0.75], "texture": "#1"},
				"up": {"uv": [0, 0, 12, 2], "rotation": 180, "texture": "#1"},
				"down": {"uv": [0, 0, 12, 2], "rotation": 180, "texture": "#1"}
			}
		},
		{
			"from": [6.5, 1.08496, 4.48984],
			"to": [9.5, 4.08496, 7.48984],
			"rotation": {"angle": 0, "axis": "y", "origin": [8, 3.23939, 6.99074]},
			"faces": {
				"north": {"uv": [0, 0, 3, 3], "texture": "#0"},
				"east": {"uv": [0, 0, 3, 3], "texture": "#0"},
				"south": {"uv": [0, 0, 3, 3], "texture": "#0"},
				"west": {"uv": [0, 0, 3, 3], "texture": "#0"},
				"up": {"uv": [0, 0, 3, 3], "rotation": 90, "texture": "#0"},
				"down": {"uv": [0, 0, 3, 3], "rotation": 270, "texture": "#0"}
			}
		},
		{
			"from": [5.5, 1.08496, 3.48984],
			"to": [10.5, 2.08496, 8.48984],
			"rotation": {"angle": 0, "axis": "y", "origin": [8, 3.23939, 6.99074]},
			"faces": {
				"north": {"uv": [0, 0, 5, 1], "texture": "#0"},
				"east": {"uv": [0, 0, 5, 1], "texture": "#0"},
				"south": {"uv": [0, 0, 5, 1], "texture": "#0"},
				"west": {"uv": [0, 0, 5, 1], "texture": "#0"},
				"up": {"uv": [0, 0, 5, 5], "rotation": 90, "texture": "#0"},
				"down": {"uv": [0, 0, 5, 5], "rotation": 270, "texture": "#0"}
			}
		},
		{
			"from": [6.75, 6.98013, 10.00135],
			"to": [9.25, 8.98013, 12.00135],
			"rotation": {"angle": 0, "axis": "y", "origin": [8, 3.23939, 6.99074]},
			"faces": {
				"north": {"uv": [0, 0, 2, 2.5], "rotation": 90, "texture": "#0"},
				"east": {"uv": [0, 0, 2, 2], "rotation": 270, "texture": "#0"},
				"south": {"uv": [0, 0, 2, 2.5], "rotation": 90, "texture": "#0"},
				"west": {"uv": [0, 0, 2, 2], "rotation": 90, "texture": "#0"},
				"up": {"uv": [0, 0, 2.5, 2], "rotation": 180, "texture": "#0"},
				"down": {"uv": [0, 0, 2.5, 2], "texture": "#0"}
			}
		},
		{
			"from": [7, 2.03072, 4.89596],
			"to": [9, 6.93072, 6.64596],
			"rotation": {"angle": 22.5, "axis": "x", "origin": [8, 3.23939, 6.99074]},
			"faces": {
				"north": {"uv": [0, 5.25, 2, 0], "rotation": 180, "texture": "#0"},
				"east": {"uv": [1.75, 0, 0, 5.25], "texture": "#0"},
				"south": {"uv": [0, 5.25, 2, 0], "rotation": 180, "texture": "#0"},
				"west": {"uv": [1.75, 0, 0, 5.25], "texture": "#0"},
				"up": {"uv": [1.75, 0, 0, 2], "rotation": 90, "texture": "#0"},
				"down": {"uv": [1.75, 0, 0, 2], "rotation": 270, "texture": "#0"}
			}
		},
		{
			"from": [7.125, 5.58509, 8.10618],
			"to": [8.875, 7.33509, 12.10618],
			"rotation": {"angle": -22.5, "axis": "x", "origin": [8, 3.23939, 6.99074]},
			"faces": {
				"north": {"uv": [1.75, 0, 0, 2], "rotation": 90, "texture": "#0"},
				"east": {"uv": [1.75, 0, 0, 5.25], "rotation": 270, "texture": "#0"},
				"south": {"uv": [1.75, 0, 0, 2], "rotation": 90, "texture": "#0"},
				"west": {"uv": [1.75, 0, 0, 5.25], "rotation": 90, "texture": "#0"},
				"up": {"uv": [0, 5.25, 2, 0], "texture": "#0"},
				"down": {"uv": [0, 5.25, 2, 0], "rotation": 180, "texture": "#0"}
			}
		}
	],
	"gui_light": "front",
	"display": {
		"thirdperson_righthand": {
			"rotation": [75, 45, 0],
			"translation": [0, 2.5, 0],
			"scale": [0.375, 0.375, 0.375]
		},
		"firstperson_righthand": {
			"rotation": [0, 45, 0],
			"scale": [0.4, 0.4, 0.4]
		},
		"firstperson_lefthand": {
			"rotation": [0, 225, 0],
			"scale": [0.4, 0.4, 0.4]
		},
		"ground": {
			"translation": [0, -1.75, 0],
			"scale": [0.25, 0.25, 0.25]
		},
		"gui": {
			"rotation": [30, 225, 0],
			"scale": [0.625, 0.625, 0.625]
		},
		"fixed": {
			"rotation": [-90, 0, 0],
			"translation": [0, 0, -16],
			"scale": [2.01, 2.01, 2.01]
		}
	}
}