{
	"credit": "Made with Blockbench",
	"textures": {
		"0": "crafter/bow_crafter/stripped_birch_log",
		"1": "crafter/bow_crafter/crafting_table_top_inner",
		"3": "crafter/bow_crafter/fletching_table_front",
		"4": "crafter/bow_crafter/fletching_table_side",
		"5": "crafter/bow_crafter/fletching_table_top",
		"particle": "crafter/bow_crafter/stripped_birch_log"
	},
	"elements": [
		{
			"from": [0, 0, 0],
			"to": [16, 16, 16],
			"faces": {
				"north": {"uv": [0, 0, 16, 16], "texture": "#3"},
				"east": {"uv": [0, 0, 16, 16], "texture": "#4"},
				"south": {"uv": [0, 0, 16, 16], "texture": "#3"},
				"west": {"uv": [0, 0, 16, 16], "texture": "#4"},
				"up": {"uv": [0, 0, 16, 16], "texture": "#5"},
				"down": {"uv": [0, 0, 16, 16], "texture": "#0"}
			}
		},
		{
			"from": [16, 4, 7],
			"to": [17, 12, 13],
			"rotation": {"angle": 0, "axis": "y", "origin": [24, 12, 15]},
			"faces": {
				"north": {"uv": [8, 4, 8.999, 11.999], "texture": "#4"},
				"east": {"uv": [3, 4, 8.999, 11.999], "texture": "#4"},
				"south": {"uv": [3, 4, 4, 11.999], "texture": "#4"},
				"west": {"uv": [0, 0, 6, 8], "texture": "#missing"},
				"up": {"uv": [2, 5, 3, 10.999], "texture": "#4"},
				"down": {"uv": [8.999, 5, 9.999, 10.999], "texture": "#4"}
			}
		},
		{
			"from": [-1.025, 4, 3],
			"to": [-0.025, 12, 9],
			"rotation": {"angle": 0, "axis": "y", "origin": [-0.5125, 8, 6]},
			"faces": {
				"north": {"uv": [3, 4, 4, 11.999], "texture": "#4"},
				"east": {"uv": [0, 0, 6, 8], "texture": "#missing"},
				"south": {"uv": [8, 4, 8.999, 11.999], "texture": "#4"},
				"west": {"uv": [3, 4, 8.999, 11.999], "texture": "#4"},
				"up": {"uv": [2, 5, 3, 10.999], "rotation": 180, "texture": "#4"},
				"down": {"uv": [8.999, 5, 9.999, 10.999], "rotation": 180, "texture": "#4"}
			}
		},
		{
			"from": [15.975, 5, 6],
			"to": [16.975, 11, 14],
			"rotation": {"angle": 0, "axis": "x", "origin": [16.475, 8, 10]},
			"faces": {
				"north": {"uv": [2, 5, 3, 10.999], "rotation": 180, "texture": "#4"},
				"east": {"uv": [2, 5, 9.999, 10.997], "texture": "#4"},
				"south": {"uv": [8.999, 5, 9.999, 10.999], "texture": "#4"},
				"west": {"uv": [0, 0, 6, 8], "rotation": 270, "texture": "#missing"},
				"up": {"uv": [4, 4, 5, 11.999], "texture": "#4"},
				"down": {"uv": [7, 4, 8, 11.999], "rotation": 180, "texture": "#4"}
			}
		},
		{
			"from": [-1, 5, 2],
			"to": [0, 11, 10],
			"rotation": {"angle": 0, "axis": "y", "origin": [-0.5125, 8, 6]},
			"faces": {
				"north": {"uv": [8.999, 5, 9.999, 10.999], "texture": "#4"},
				"east": {"uv": [0, 0, 6, 8], "rotation": 270, "texture": "#missing"},
				"south": {"uv": [2, 5, 3, 10.999], "rotation": 180, "texture": "#4"},
				"west": {"uv": [2, 5, 9.999, 10.997], "texture": "#4"},
				"up": {"uv": [4, 4, 5, 11.999], "rotation": 180, "texture": "#4"},
				"down": {"uv": [7, 4, 8, 11.999], "texture": "#4"}
			}
		},
		{
			"from": [4, 2, -1],
			"to": [5, 13, 0],
			"rotation": {"angle": 0, "axis": "y", "origin": [12, 10, 7]},
			"faces": {
				"north": {"uv": [10.999, 3, 11.999, 13.999], "texture": "#3"},
				"east": {"uv": [10.999, 3, 11.999, 13.999], "texture": "#3"},
				"south": {"uv": [10.999, 3, 11.999, 13.999], "texture": "#3"},
				"west": {"uv": [10.999, 3, 11.999, 13.999], "texture": "#3"},
				"up": {"uv": [10.999, 3, 11.999, 3.999], "texture": "#3"},
				"down": {"uv": [10.998, 12.999, 11.998, 13.999], "texture": "#3"}
			}
		},
		{
			"from": [5, 11, -1],
			"to": [6, 14, 0],
			"rotation": {"angle": 0, "axis": "y", "origin": [13, 11, 7]},
			"faces": {
				"north": {"uv": [9.999, 2, 10.999, 5], "texture": "#3"},
				"east": {"uv": [9.999, 2, 10.999, 5], "texture": "#3"},
				"south": {"uv": [9.999, 2, 10.999, 5], "texture": "#3"},
				"west": {"uv": [9.999, 2, 10.999, 5], "texture": "#3"},
				"up": {"uv": [9.998, 2, 10.998, 2.999], "texture": "#3"},
				"down": {"uv": [9.998, 4, 10.998, 4.999], "texture": "#3"}
			}
		},
		{
			"from": [5, 3, -1],
			"to": [6, 5, 0],
			"rotation": {"angle": 0, "axis": "y", "origin": [13, 3, 7]},
			"faces": {
				"north": {"uv": [9.999, 10.999, 10.999, 12.999], "texture": "#3"},
				"east": {"uv": [9.999, 10.999, 10.999, 12.999], "texture": "#3"},
				"south": {"uv": [9.999, 10.999, 10.999, 12.999], "texture": "#3"},
				"west": {"uv": [9.999, 10.999, 10.999, 12.999], "texture": "#3"},
				"up": {"uv": [9.998, 10.999, 10.998, 11.998], "texture": "#3"},
				"down": {"uv": [9.998, 11.999, 10.998, 12.998], "texture": "#3"}
			}
		},
		{
			"from": [3, 11, -1],
			"to": [4, 14, 0],
			"rotation": {"angle": 0, "axis": "y", "origin": [11, 11, 7]},
			"faces": {
				"north": {"uv": [12, 2, 13, 5], "texture": "#3"},
				"east": {"uv": [12, 2, 13, 5], "texture": "#3"},
				"south": {"uv": [12, 2, 13, 5], "texture": "#3"},
				"west": {"uv": [12, 2, 13, 5], "texture": "#3"},
				"up": {"uv": [12, 2, 13, 2.999], "texture": "#3"},
				"down": {"uv": [12, 4, 13, 4.999], "texture": "#3"}
			}
		},
		{
			"from": [3, 3, -1],
			"to": [4, 5, 0],
			"rotation": {"angle": 0, "axis": "y", "origin": [11, 3, 7]},
			"faces": {
				"north": {"uv": [12, 10.999, 13, 12.999], "texture": "#3"},
				"east": {"uv": [12, 10.999, 13, 12.999], "texture": "#3"},
				"south": {"uv": [12, 10.999, 13, 12.999], "texture": "#3"},
				"west": {"uv": [12, 10.999, 13, 12.999], "texture": "#3"},
				"up": {"uv": [12, 10.999, 13, 11.997], "texture": "#3"},
				"down": {"uv": [12, 11.999, 13, 12.998], "texture": "#3"}
			}
		},
		{
			"from": [11, 2, 16],
			"to": [12, 13, 17],
			"rotation": {"angle": 0, "axis": "y", "origin": [19, 10, 24]},
			"faces": {
				"north": {"uv": [10.999, 3, 11.999, 13.999], "texture": "#3"},
				"east": {"uv": [10.999, 3, 11.999, 13.999], "texture": "#3"},
				"south": {"uv": [10.999, 3, 11.999, 13.999], "texture": "#3"},
				"west": {"uv": [10.999, 3, 11.999, 13.999], "texture": "#3"},
				"up": {"uv": [10.999, 3, 11.999, 3.999], "texture": "#3"},
				"down": {"uv": [10.998, 12.999, 11.998, 13.999], "texture": "#3"}
			}
		},
		{
			"from": [12, 11, 16],
			"to": [13, 14, 17],
			"rotation": {"angle": 0, "axis": "y", "origin": [20, 11, 24]},
			"faces": {
				"north": {"uv": [9.999, 2, 10.999, 5], "texture": "#3"},
				"east": {"uv": [9.999, 2, 10.999, 5], "texture": "#3"},
				"south": {"uv": [9.999, 2, 10.999, 5], "texture": "#3"},
				"west": {"uv": [9.999, 2, 10.999, 5], "texture": "#3"},
				"up": {"uv": [9.998, 2, 10.998, 2.999], "texture": "#3"},
				"down": {"uv": [9.998, 4, 10.998, 4.999], "texture": "#3"}
			}
		},
		{
			"from": [12, 3, 16],
			"to": [13, 5, 17],
			"rotation": {"angle": 0, "axis": "y", "origin": [20, 3, 24]},
			"faces": {
				"north": {"uv": [9.999, 10.999, 10.999, 12.999], "texture": "#3"},
				"east": {"uv": [9.999, 10.999, 10.999, 12.999], "texture": "#3"},
				"south": {"uv": [9.999, 10.999, 10.999, 12.999], "texture": "#3"},
				"west": {"uv": [9.999, 10.999, 10.999, 12.999], "texture": "#3"},
				"up": {"uv": [9.998, 10.999, 10.998, 11.998], "texture": "#3"},
				"down": {"uv": [9.998, 11.999, 10.998, 12.998], "texture": "#3"}
			}
		},
		{
			"from": [10, 11, 16],
			"to": [11, 14, 17],
			"rotation": {"angle": 0, "axis": "y", "origin": [18, 11, 24]},
			"faces": {
				"north": {"uv": [12, 2, 13, 5], "texture": "#3"},
				"east": {"uv": [12, 2, 13, 5], "texture": "#3"},
				"south": {"uv": [12, 2, 13, 5], "texture": "#3"},
				"west": {"uv": [12, 2, 13, 5], "texture": "#3"},
				"up": {"uv": [12, 2, 13, 2.999], "texture": "#3"},
				"down": {"uv": [12, 4, 13, 4.999], "texture": "#3"}
			}
		},
		{
			"from": [10, 3, 16],
			"to": [11, 5, 17],
			"rotation": {"angle": 0, "axis": "y", "origin": [18, 3, 24]},
			"faces": {
				"north": {"uv": [12, 10.999, 13, 12.999], "texture": "#3"},
				"east": {"uv": [12, 10.999, 13, 12.999], "texture": "#3"},
				"south": {"uv": [12, 10.999, 13, 12.999], "texture": "#3"},
				"west": {"uv": [12, 10.999, 13, 12.999], "texture": "#3"},
				"up": {"uv": [12, 10.999, 13, 11.997], "texture": "#3"},
				"down": {"uv": [12, 11.999, 13, 12.998], "texture": "#3"}
			}
		},
		{
			"from": [16, 3.2, 3],
			"to": [17, 14.2, 4],
			"rotation": {"angle": 0, "axis": "x", "origin": [16.5, 8.1, 3.5]},
			"faces": {
				"north": {"uv": [10.999, 3, 11.999, 13.999], "rotation": 180, "texture": "#3"},
				"east": {"uv": [10.999, 3, 11.999, 13.999], "rotation": 180, "texture": "#3"},
				"south": {"uv": [10.999, 3, 11.999, 13.999], "rotation": 180, "texture": "#3"},
				"west": {"uv": [10.999, 3, 11.999, 13.999], "rotation": 180, "texture": "#3"},
				"up": {"uv": [10.998, 12.999, 11.998, 13.999], "rotation": 270, "texture": "#3"},
				"down": {"uv": [10.999, 3, 11.999, 3.999], "rotation": 90, "texture": "#3"}
			}
		},
		{
			"from": [16, 2.2, 2],
			"to": [17, 5.2, 3],
			"rotation": {"angle": 0, "axis": "x", "origin": [16.5, 8.1, 3.5]},
			"faces": {
				"north": {"uv": [9.999, 2, 10.999, 5], "rotation": 180, "texture": "#3"},
				"east": {"uv": [9.999, 2, 10.999, 5], "rotation": 180, "texture": "#3"},
				"south": {"uv": [9.999, 2, 10.999, 5], "rotation": 180, "texture": "#3"},
				"west": {"uv": [9.999, 2, 10.999, 5], "rotation": 180, "texture": "#3"},
				"up": {"uv": [9.998, 4, 10.998, 4.999], "rotation": 270, "texture": "#3"},
				"down": {"uv": [9.998, 2, 10.998, 2.999], "rotation": 90, "texture": "#3"}
			}
		},
		{
			"from": [16, 11.2, 2],
			"to": [17, 13.2, 3],
			"rotation": {"angle": 0, "axis": "x", "origin": [16.5, 8.1, 3.5]},
			"faces": {
				"north": {"uv": [9.999, 10.999, 10.999, 12.999], "rotation": 180, "texture": "#3"},
				"east": {"uv": [9.999, 10.999, 10.999, 12.999], "rotation": 180, "texture": "#3"},
				"south": {"uv": [9.999, 10.999, 10.999, 12.999], "rotation": 180, "texture": "#3"},
				"west": {"uv": [9.999, 10.999, 10.999, 12.999], "rotation": 180, "texture": "#3"},
				"up": {"uv": [9.998, 11.999, 10.998, 12.998], "rotation": 270, "texture": "#3"},
				"down": {"uv": [9.998, 10.999, 10.998, 11.998], "rotation": 90, "texture": "#3"}
			}
		},
		{
			"from": [16, 2.2, 4],
			"to": [17, 5.2, 5],
			"rotation": {"angle": 0, "axis": "x", "origin": [16.5, 8.1, 3.5]},
			"faces": {
				"north": {"uv": [12, 2, 13, 5], "rotation": 180, "texture": "#3"},
				"east": {"uv": [12, 2, 13, 5], "rotation": 180, "texture": "#3"},
				"south": {"uv": [12, 2, 13, 5], "rotation": 180, "texture": "#3"},
				"west": {"uv": [12, 2, 13, 5], "rotation": 180, "texture": "#3"},
				"up": {"uv": [12, 4, 13, 4.999], "rotation": 270, "texture": "#3"},
				"down": {"uv": [12, 2, 13, 2.999], "rotation": 90, "texture": "#3"}
			}
		},
		{
			"from": [16, 11.2, 4],
			"to": [17, 13.2, 5],
			"rotation": {"angle": 0, "axis": "x", "origin": [16.5, 8.1, 3.5]},
			"faces": {
				"north": {"uv": [12, 10.999, 13, 12.999], "rotation": 180, "texture": "#3"},
				"east": {"uv": [12, 10.999, 13, 12.999], "rotation": 180, "texture": "#3"},
				"south": {"uv": [12, 10.999, 13, 12.999], "rotation": 180, "texture": "#3"},
				"west": {"uv": [12, 10.999, 13, 12.999], "rotation": 180, "texture": "#3"},
				"up": {"uv": [12, 11.999, 13, 12.998], "rotation": 270, "texture": "#3"},
				"down": {"uv": [12, 10.999, 13, 11.997], "rotation": 90, "texture": "#3"}
			}
		},
		{
			"from": [-1, 3.2, 12],
			"to": [0, 14.2, 13],
			"rotation": {"angle": 0, "axis": "x", "origin": [-0.5, 8.1, 12.5]},
			"faces": {
				"north": {"uv": [10.999, 3, 11.999, 13.999], "rotation": 180, "texture": "#3"},
				"east": {"uv": [10.999, 3, 11.999, 13.999], "rotation": 180, "texture": "#3"},
				"south": {"uv": [10.999, 3, 11.999, 13.999], "rotation": 180, "texture": "#3"},
				"west": {"uv": [10.999, 3, 11.999, 13.999], "rotation": 180, "texture": "#3"},
				"up": {"uv": [10.998, 12.999, 11.998, 13.999], "rotation": 270, "texture": "#3"},
				"down": {"uv": [10.999, 3, 11.999, 3.999], "rotation": 90, "texture": "#3"}
			}
		},
		{
			"from": [-1, 2.2, 11],
			"to": [0, 5.2, 12],
			"rotation": {"angle": 0, "axis": "x", "origin": [-0.5, 8.1, 12.5]},
			"faces": {
				"north": {"uv": [9.999, 2, 10.999, 5], "rotation": 180, "texture": "#3"},
				"east": {"uv": [9.999, 2, 10.999, 5], "rotation": 180, "texture": "#3"},
				"south": {"uv": [9.999, 2, 10.999, 5], "rotation": 180, "texture": "#3"},
				"west": {"uv": [9.999, 2, 10.999, 5], "rotation": 180, "texture": "#3"},
				"up": {"uv": [9.998, 4, 10.998, 4.999], "rotation": 270, "texture": "#3"},
				"down": {"uv": [9.998, 2, 10.998, 2.999], "rotation": 90, "texture": "#3"}
			}
		},
		{
			"from": [-1, 11.2, 11],
			"to": [0, 13.2, 12],
			"rotation": {"angle": 0, "axis": "x", "origin": [-0.5, 8.1, 12.5]},
			"faces": {
				"north": {"uv": [9.999, 10.999, 10.999, 12.999], "rotation": 180, "texture": "#3"},
				"east": {"uv": [9.999, 10.999, 10.999, 12.999], "rotation": 180, "texture": "#3"},
				"south": {"uv": [9.999, 10.999, 10.999, 12.999], "rotation": 180, "texture": "#3"},
				"west": {"uv": [9.999, 10.999, 10.999, 12.999], "rotation": 180, "texture": "#3"},
				"up": {"uv": [9.998, 11.999, 10.998, 12.998], "rotation": 270, "texture": "#3"},
				"down": {"uv": [9.998, 10.999, 10.998, 11.998], "rotation": 90, "texture": "#3"}
			}
		},
		{
			"from": [-1, 2.2, 13],
			"to": [0, 5.2, 14],
			"rotation": {"angle": 0, "axis": "x", "origin": [-0.5, 8.1, 12.5]},
			"faces": {
				"north": {"uv": [12, 2, 13, 5], "rotation": 180, "texture": "#3"},
				"east": {"uv": [12, 2, 13, 5], "rotation": 180, "texture": "#3"},
				"south": {"uv": [12, 2, 13, 5], "rotation": 180, "texture": "#3"},
				"west": {"uv": [12, 2, 13, 5], "rotation": 180, "texture": "#3"},
				"up": {"uv": [12, 4, 13, 4.999], "rotation": 270, "texture": "#3"},
				"down": {"uv": [12, 2, 13, 2.999], "rotation": 90, "texture": "#3"}
			}
		},
		{
			"from": [-1, 11.2, 13],
			"to": [0, 13.2, 14],
			"rotation": {"angle": 0, "axis": "x", "origin": [-0.5, 8.1, 12.5]},
			"faces": {
				"north": {"uv": [12, 10.999, 13, 12.999], "rotation": 180, "texture": "#3"},
				"east": {"uv": [12, 10.999, 13, 12.999], "rotation": 180, "texture": "#3"},
				"south": {"uv": [12, 10.999, 13, 12.999], "rotation": 180, "texture": "#3"},
				"west": {"uv": [12, 10.999, 13, 12.999], "rotation": 180, "texture": "#3"},
				"up": {"uv": [12, 11.999, 13, 12.998], "rotation": 270, "texture": "#3"},
				"down": {"uv": [12, 10.999, 13, 11.997], "rotation": 90, "texture": "#3"}
			}
		},
		{
			"from": [10, 1, -1],
			"to": [11, 14, 0],
			"rotation": {"angle": 0, "axis": "y", "origin": [18, 9, 7]},
			"faces": {
				"north": {"uv": [5, 2, 6, 15], "texture": "#3"},
				"east": {"uv": [5, 2, 6, 15], "texture": "#3"},
				"south": {"uv": [5, 2, 6, 15], "texture": "#3"},
				"west": {"uv": [5, 2, 6, 15], "texture": "#3"},
				"up": {"uv": [5, 2, 6, 2.999], "texture": "#3"},
				"down": {"uv": [5, 14, 6, 14.999], "texture": "#3"}
			}
		},
		{
			"from": [13, 4, -1],
			"to": [14, 12, 0],
			"rotation": {"angle": 0, "axis": "y", "origin": [21, 9, 7]},
			"faces": {
				"north": {"uv": [2, 4, 3, 11.996], "texture": "#3"},
				"east": {"uv": [2, 4, 3, 11.996], "texture": "#3"},
				"south": {"uv": [2, 4, 3, 11.996], "texture": "#3"},
				"west": {"uv": [2, 4, 3, 11.996], "texture": "#3"},
				"up": {"uv": [2, 4, 3, 4.995], "texture": "#3"},
				"down": {"uv": [2, 10.999, 3, 11.994], "texture": "#3"}
			}
		},
		{
			"from": [12, 10, -1],
			"to": [13, 13, 0],
			"rotation": {"angle": 0, "axis": "y", "origin": [20, 10, 7]},
			"faces": {
				"north": {"uv": [3, 3, 4, 6], "texture": "#3"},
				"east": {"uv": [3, 3, 4, 6], "texture": "#3"},
				"south": {"uv": [3, 3, 4, 6], "texture": "#3"},
				"west": {"uv": [3, 3, 4, 6], "texture": "#3"},
				"up": {"uv": [3, 3, 4, 3.999], "texture": "#3"},
				"down": {"uv": [3, 5, 4, 5.999], "texture": "#3"}
			}
		},
		{
			"from": [12, 2, -1],
			"to": [13, 5, 0],
			"rotation": {"angle": 0, "axis": "y", "origin": [20, 2, 7]},
			"faces": {
				"north": {"uv": [3, 10.999, 4, 13.999], "texture": "#3"},
				"east": {"uv": [3, 10.999, 4, 13.999], "texture": "#3"},
				"south": {"uv": [3, 10.999, 4, 13.999], "texture": "#3"},
				"west": {"uv": [3, 10.999, 4, 13.999], "texture": "#3"},
				"up": {"uv": [3, 10.999, 4, 11.998], "texture": "#3"},
				"down": {"uv": [3, 12.999, 4, 13.998], "texture": "#3"}
			}
		},
		{
			"from": [11, 1, -1],
			"to": [12, 3, 0],
			"rotation": {"angle": 0, "axis": "y", "origin": [19, 1, 7]},
			"faces": {
				"north": {"uv": [4, 13, 5, 15], "texture": "#3"},
				"east": {"uv": [4, 13, 5, 15], "texture": "#3"},
				"south": {"uv": [4, 13, 5, 15], "texture": "#3"},
				"west": {"uv": [4, 13, 5, 15], "texture": "#3"},
				"up": {"uv": [4, 13, 5, 13.998], "texture": "#3"},
				"down": {"uv": [4, 14, 5, 14.999], "texture": "#3"}
			}
		},
		{
			"from": [11, 12, -1],
			"to": [12, 14, 0],
			"rotation": {"angle": 0, "axis": "y", "origin": [19, 12, 7]},
			"faces": {
				"north": {"uv": [4, 2, 5, 4], "texture": "#3"},
				"east": {"uv": [4, 2, 5, 4], "texture": "#3"},
				"south": {"uv": [4, 2, 5, 4], "texture": "#3"},
				"west": {"uv": [4, 2, 5, 4], "texture": "#3"},
				"up": {"uv": [4, 2, 5, 2.999], "texture": "#3"},
				"down": {"uv": [4, 3, 5, 3.999], "texture": "#3"}
			}
		},
		{
			"from": [5, 1, 16],
			"to": [6, 14, 17],
			"rotation": {"angle": 0, "axis": "y", "origin": [-2, 9, 24]},
			"faces": {
				"north": {"uv": [6, 2, 5, 15], "texture": "#3"},
				"east": {"uv": [6, 2, 5, 15], "texture": "#3"},
				"south": {"uv": [6, 2, 5, 15], "texture": "#3"},
				"west": {"uv": [6, 2, 5, 15], "texture": "#3"},
				"up": {"uv": [6, 2, 5, 2.999], "texture": "#3"},
				"down": {"uv": [6, 14, 5, 14.999], "texture": "#3"}
			}
		},
		{
			"from": [2, 4, 16],
			"to": [3, 12, 17],
			"rotation": {"angle": 0, "axis": "y", "origin": [-5, 9, 24]},
			"faces": {
				"north": {"uv": [3, 4, 2, 11.996], "texture": "#3"},
				"east": {"uv": [3, 4, 2, 11.996], "texture": "#3"},
				"south": {"uv": [3, 4, 2, 11.996], "texture": "#3"},
				"west": {"uv": [3, 4, 2, 11.996], "texture": "#3"},
				"up": {"uv": [3, 4, 2, 4.995], "texture": "#3"},
				"down": {"uv": [3, 10.999, 2, 11.994], "texture": "#3"}
			}
		},
		{
			"from": [3, 10, 16],
			"to": [4, 13, 17],
			"rotation": {"angle": 0, "axis": "y", "origin": [-4, 10, 24]},
			"faces": {
				"north": {"uv": [4, 3, 3, 6], "texture": "#3"},
				"east": {"uv": [4, 3, 3, 6], "texture": "#3"},
				"south": {"uv": [4, 3, 3, 6], "texture": "#3"},
				"west": {"uv": [4, 3, 3, 6], "texture": "#3"},
				"up": {"uv": [4, 3, 3, 3.999], "texture": "#3"},
				"down": {"uv": [4, 5, 3, 5.999], "texture": "#3"}
			}
		},
		{
			"from": [3, 2, 16],
			"to": [4, 5, 17],
			"rotation": {"angle": 0, "axis": "y", "origin": [-4, 2, 24]},
			"faces": {
				"north": {"uv": [4, 10.999, 3, 13.999], "texture": "#3"},
				"east": {"uv": [4, 10.999, 3, 13.999], "texture": "#3"},
				"south": {"uv": [4, 10.999, 3, 13.999], "texture": "#3"},
				"west": {"uv": [4, 10.999, 3, 13.999], "texture": "#3"},
				"up": {"uv": [4, 10.999, 3, 11.998], "texture": "#3"},
				"down": {"uv": [4, 12.999, 3, 13.998], "texture": "#3"}
			}
		},
		{
			"from": [4, 1, 16],
			"to": [5, 3, 17],
			"rotation": {"angle": 0, "axis": "y", "origin": [-3, 1, 24]},
			"faces": {
				"north": {"uv": [5, 13, 4, 15], "texture": "#3"},
				"east": {"uv": [5, 13, 4, 15], "texture": "#3"},
				"south": {"uv": [5, 13, 4, 15], "texture": "#3"},
				"west": {"uv": [5, 13, 4, 15], "texture": "#3"},
				"up": {"uv": [5, 13, 4, 13.998], "texture": "#3"},
				"down": {"uv": [5, 14, 4, 14.999], "texture": "#3"}
			}
		},
		{
			"from": [4, 12, 16],
			"to": [5, 14, 17],
			"rotation": {"angle": 0, "axis": "y", "origin": [-3, 12, 24]},
			"faces": {
				"north": {"uv": [5, 2, 4, 4], "texture": "#3"},
				"east": {"uv": [5, 2, 4, 4], "texture": "#3"},
				"south": {"uv": [5, 2, 4, 4], "texture": "#3"},
				"west": {"uv": [5, 2, 4, 4], "texture": "#3"},
				"up": {"uv": [5, 2, 4, 2.999], "texture": "#3"},
				"down": {"uv": [5, 3, 4, 3.999], "texture": "#3"}
			}
		},
		{
			"from": [4, 16.25, 4],
			"to": [12, 16.25, 12],
			"rotation": {"angle": 0, "axis": "y", "origin": [12, 23.25, 12]},
			"faces": {
				"north": {"uv": [0, 0, 8, 0], "texture": "#1"},
				"east": {"uv": [0, 0, 8, 0], "texture": "#1"},
				"south": {"uv": [0, 0, 8, 0], "texture": "#1"},
				"west": {"uv": [0, 0, 8, 0], "texture": "#1"},
				"up": {"uv": [4, 4, 11.999, 11.999], "texture": "#1"},
				"down": {"uv": [0, 0, 0, 0], "texture": "#1"}
			}
		},
		{
			"from": [3, 16, 3],
			"to": [4, 17, 13],
			"rotation": {"angle": 0, "axis": "y", "origin": [11, 24, 11]},
			"faces": {
				"north": {"uv": [12, 3, 13, 4], "texture": "#5"},
				"east": {"uv": [3, 3, 4, 13], "rotation": 90, "texture": "#5"},
				"south": {"uv": [3, 12, 4, 13], "texture": "#5"},
				"west": {"uv": [3, 3, 4, 13], "rotation": 270, "texture": "#5"},
				"up": {"uv": [3, 3, 4, 13], "texture": "#5"},
				"down": {"uv": [0, 0, 0, 0], "texture": "#5"}
			}
		},
		{
			"from": [6, 15.975, 3.025],
			"to": [7, 16.975, 12.975],
			"rotation": {"angle": 0, "axis": "y", "origin": [14, 23.975, 11.025]},
			"faces": {
				"north": {"uv": [12, 3, 13, 4], "texture": "#5"},
				"east": {"uv": [6, 3, 7, 13], "rotation": 90, "texture": "#5"},
				"south": {"uv": [3, 12, 4, 13], "texture": "#5"},
				"west": {"uv": [6, 3, 7, 13], "rotation": 270, "texture": "#5"},
				"up": {"uv": [6, 3, 7, 13], "texture": "#5"},
				"down": {"uv": [0, 0, 0, 0], "texture": "#5"}
			}
		},
		{
			"from": [9, 15.975, 3.025],
			"to": [10, 16.975, 12.975],
			"rotation": {"angle": 0, "axis": "y", "origin": [17, 23.975, 11.025]},
			"faces": {
				"north": {"uv": [12, 3, 13, 4], "texture": "#5"},
				"east": {"uv": [9, 3, 10, 13], "rotation": 90, "texture": "#5"},
				"south": {"uv": [3, 12, 4, 13], "texture": "#5"},
				"west": {"uv": [9, 3, 10, 13], "rotation": 270, "texture": "#5"},
				"up": {"uv": [9, 3, 10, 13], "texture": "#5"},
				"down": {"uv": [0, 0, 0, 0], "texture": "#5"}
			}
		},
		{
			"from": [12, 16, 3],
			"to": [13, 17, 13],
			"rotation": {"angle": 0, "axis": "y", "origin": [20, 24, 11]},
			"faces": {
				"north": {"uv": [12, 3, 13, 4], "texture": "#5"},
				"east": {"uv": [12, 3, 13, 13], "rotation": 90, "texture": "#5"},
				"south": {"uv": [3, 12, 4, 13], "texture": "#5"},
				"west": {"uv": [12, 3, 13, 13], "rotation": 270, "texture": "#5"},
				"up": {"uv": [12, 3, 13, 13], "texture": "#5"},
				"down": {"uv": [0, 0, 0, 0], "texture": "#5"}
			}
		},
		{
			"from": [4, 16, 12],
			"to": [12, 17, 13],
			"rotation": {"angle": 0, "axis": "y", "origin": [8, 8, 17]},
			"faces": {
				"north": {"uv": [4, 12, 12, 13], "rotation": 180, "texture": "#5"},
				"east": {"uv": [4, 12, 12, 13], "texture": "#5"},
				"south": {"uv": [4, 12, 12, 13], "texture": "#5"},
				"west": {"uv": [4, 12, 12, 13], "texture": "#5"},
				"up": {"uv": [4, 12, 12, 13], "texture": "#5"},
				"down": {"uv": [0, 0, 0, 0], "texture": "#5"}
			}
		},
		{
			"from": [4, 16, 9],
			"to": [12, 17, 10],
			"rotation": {"angle": 0, "axis": "y", "origin": [8, 8, 14]},
			"faces": {
				"north": {"uv": [4, 9, 12, 10], "rotation": 180, "texture": "#5"},
				"east": {"uv": [4, 9, 12, 10], "texture": "#5"},
				"south": {"uv": [4, 9, 12, 10], "texture": "#5"},
				"west": {"uv": [4, 9, 12, 10], "texture": "#5"},
				"up": {"uv": [4, 9, 12, 10], "texture": "#5"},
				"down": {"uv": [0, 0, 0, 0], "texture": "#5"}
			}
		},
		{
			"from": [4, 16, 6],
			"to": [12, 17, 7],
			"rotation": {"angle": 0, "axis": "y", "origin": [8, 8, 11]},
			"faces": {
				"north": {"uv": [4, 6, 12, 7], "rotation": 180, "texture": "#5"},
				"east": {"uv": [4, 6, 12, 7], "texture": "#5"},
				"south": {"uv": [4, 6, 12, 7], "texture": "#5"},
				"west": {"uv": [4, 6, 12, 7], "texture": "#5"},
				"up": {"uv": [4, 6, 12, 7], "texture": "#5"},
				"down": {"uv": [0, 0, 0, 0], "texture": "#5"}
			}
		},
		{
			"from": [4, 16, 3],
			"to": [12, 17, 4],
			"faces": {
				"north": {"uv": [4, 3, 12, 4], "rotation": 180, "texture": "#5"},
				"east": {"uv": [4, 3, 12, 4], "texture": "#5"},
				"south": {"uv": [4, 3, 12, 4], "texture": "#5"},
				"west": {"uv": [4, 3, 12, 4], "texture": "#5"},
				"up": {"uv": [4, 3, 12, 4], "texture": "#5"},
				"down": {"uv": [0, 0, 0, 0], "texture": "#5"}
			}
		}
	],
	"display": {
		"thirdperson_righthand": {
			"rotation": [75, 45, 0],
			"translation": [0, 2.5, 0],
			"scale": [0.375, 0.375, 0.375]
		},
		"firstperson_righthand": {
			"rotation": [0, 45, 0],
			"scale": [0.4, 0.4, 0.4]
		},
		"firstperson_lefthand": {
			"rotation": [0, 225, 0],
			"scale": [0.4, 0.4, 0.4]
		},
		"ground": {
			"translation": [0, 3, 0],
			"scale": [0.25, 0.25, 0.25]
		},
		"gui": {
			"rotation": [30, 225, 0],
			"scale": [0.625, 0.625, 0.625]
		},
		"fixed": {
			"rotation": [-90, 0, 0],
			"translation": [0, 0, 16],
			"scale": [2.00156, 2.00156, 2.00156]
		}
	},
	"groups": [0,
		{
			"name": "target",
			"origin": [-0.5125, 8, 6],
			"children": [1, 2, 3, 4]
		},
		{
			"name": "arrow",
			"origin": [11, 11, 7],
			"children": [5, 6, 7, 8, 9]
		},
		{
			"name": "arrow",
			"origin": [11, 11, 7],
			"children": [10, 11, 12, 13, 14]
		},
		{
			"name": "arrow",
			"origin": [11, 11, 7],
			"children": [15, 16, 17, 18, 19]
		},
		{
			"name": "arrow",
			"origin": [11, 11, 7],
			"children": [20, 21, 22, 23, 24]
		},
		{
			"name": "bow",
			"origin": [18, 9, 7],
			"children": [25, 26, 27, 28, 29, 30]
		},
		{
			"name": "bow",
			"origin": [18, 9, 7],
			"children": [31, 32, 33, 34, 35, 36]
		},
		{
			"name": "grid",
			"origin": [8, 8, 8],
			"children": [
				{
					"name": "grid",
					"origin": [8, 8, 8],
					"children": [37, 38, 39, 40, 41, 42, 43, 44, 45]
				}
			]
		}
	]
}