{
	"credit": "Made with Blockbench",
	"textures": {
		"0": "crafter/machine_crafter/front",
		"1": "crafter/machine_crafter/breaker_top",
		"2": "crafter/machine_crafter/crafting_table_top_inner",
		"3": "crafter/machine_crafter/crafting_table_top",
		"particle": "crafter/bow_crafter/stripped_birch_log"
	},
	"elements": [
		{
			"from": [0, 0, 0],
			"to": [16, 16, 16],
			"faces": {
				"north": {"uv": [0, 0, 16, 16], "texture": "#0"},
				"east": {"uv": [0, 0, 16, 16], "texture": "#0"},
				"south": {"uv": [0, 0, 16, 16], "texture": "#0"},
				"west": {"uv": [0, 0, 16, 16], "texture": "#0"},
				"up": {"uv": [0, 0, 16, 16], "texture": "#3"},
				"down": {"uv": [0, 0, 16, 16], "texture": "#1"}
			}
		},
		{
			"from": [0, 0, -0.5],
			"to": [16, 1, 0.5],
			"rotation": {"angle": 0, "axis": "y", "origin": [8, 8, 7.5]},
			"faces": {
				"north": {"uv": [0, 15, 16, 16], "texture": "#0"},
				"east": {"uv": [0, 15, 0.999, 16], "texture": "#0"},
				"south": {"uv": [0, 15, 16, 16], "texture": "#0"},
				"west": {"uv": [15, 15, 15.999, 16], "texture": "#0"},
				"up": {"uv": [0, 15, 16, 16], "texture": "#0"},
				"down": {"uv": [0, 15, 16, 16], "texture": "#0"}
			}
		},
		{
			"from": [0, 4, -0.5],
			"to": [16, 5, 0.5],
			"rotation": {"angle": 0, "axis": "y", "origin": [8, 12, 7.5]},
			"faces": {
				"north": {"uv": [0, 10.999, 16, 11.999], "texture": "#0"},
				"east": {"uv": [0, 10.999, 0.999, 11.999], "texture": "#0"},
				"south": {"uv": [0, 10.999, 16, 11.999], "texture": "#0"},
				"west": {"uv": [14.999, 10.998, 15.999, 11.998], "texture": "#0"},
				"up": {"uv": [0, 10.999, 16, 11.999], "texture": "#0"},
				"down": {"uv": [0, 10.999, 16, 11.999], "texture": "#0"}
			}
		},
		{
			"from": [0, 8, -0.5],
			"to": [16, 9, 0.5],
			"rotation": {"angle": 0, "axis": "y", "origin": [8, 16, 7.5]},
			"faces": {
				"north": {"uv": [0, 7, 16, 8], "texture": "#0"},
				"east": {"uv": [0, 7, 0.999, 8], "texture": "#0"},
				"south": {"uv": [0, 7, 16, 8], "texture": "#0"},
				"west": {"uv": [14.999, 7, 15.999, 8], "texture": "#0"},
				"up": {"uv": [0, 7, 16, 8], "texture": "#0"},
				"down": {"uv": [0, 7, 16, 8], "texture": "#0"}
			}
		},
		{
			"from": [0, 12, -0.5],
			"to": [16, 13, 0.5],
			"rotation": {"angle": 0, "axis": "y", "origin": [8, 20, 7.5]},
			"faces": {
				"north": {"uv": [0, 3, 16, 4], "texture": "#0"},
				"east": {"uv": [0, 3, 0.999, 4], "texture": "#0"},
				"south": {"uv": [0, 3, 16, 4], "texture": "#0"},
				"west": {"uv": [14.999, 3, 15.999, 4], "texture": "#0"},
				"up": {"uv": [0, 3, 16, 4], "texture": "#0"},
				"down": {"uv": [0, 3, 16, 4], "texture": "#0"}
			}
		},
		{
			"from": [0, 0, 15.5],
			"to": [16, 1, 16.5],
			"rotation": {"angle": 0, "axis": "y", "origin": [8, 8, 8.5]},
			"faces": {
				"north": {"uv": [16, 15, 0, 16], "texture": "#0"},
				"east": {"uv": [0.999, 15, 0, 16], "texture": "#0"},
				"south": {"uv": [16, 15, 0, 16], "texture": "#0"},
				"west": {"uv": [15.999, 15, 15, 16], "texture": "#0"},
				"up": {"uv": [0, 16, 16, 15], "texture": "#0"},
				"down": {"uv": [0, 16, 16, 15], "texture": "#0"}
			}
		},
		{
			"from": [0, 4, 15.5],
			"to": [16, 5, 16.5],
			"rotation": {"angle": 0, "axis": "y", "origin": [8, 12, 8.5]},
			"faces": {
				"north": {"uv": [16, 10.999, 0, 11.999], "texture": "#0"},
				"east": {"uv": [0.999, 10.999, 0, 11.999], "texture": "#0"},
				"south": {"uv": [16, 10.999, 0, 11.999], "texture": "#0"},
				"west": {"uv": [15.999, 10.998, 14.999, 11.998], "texture": "#0"},
				"up": {"uv": [0, 11.999, 16, 10.999], "texture": "#0"},
				"down": {"uv": [0, 11.999, 16, 10.999], "texture": "#0"}
			}
		},
		{
			"from": [0, 8, 15.5],
			"to": [16, 9, 16.5],
			"rotation": {"angle": 0, "axis": "y", "origin": [8, 16, 8.5]},
			"faces": {
				"north": {"uv": [16, 7, 0, 8], "texture": "#0"},
				"east": {"uv": [0.999, 7, 0, 8], "texture": "#0"},
				"south": {"uv": [16, 7, 0, 8], "texture": "#0"},
				"west": {"uv": [15.999, 7, 14.999, 8], "texture": "#0"},
				"up": {"uv": [0, 8, 16, 7], "texture": "#0"},
				"down": {"uv": [0, 8, 16, 7], "texture": "#0"}
			}
		},
		{
			"from": [0, 12, 15.5],
			"to": [16, 13, 16.5],
			"rotation": {"angle": 0, "axis": "y", "origin": [8, 20, 8.5]},
			"faces": {
				"north": {"uv": [16, 3, 0, 4], "texture": "#0"},
				"east": {"uv": [0.999, 3, 0, 4], "texture": "#0"},
				"south": {"uv": [16, 3, 0, 4], "texture": "#0"},
				"west": {"uv": [15.999, 3, 14.999, 4], "texture": "#0"},
				"up": {"uv": [0, 4, 16, 3], "texture": "#0"},
				"down": {"uv": [0, 4, 16, 3], "texture": "#0"}
			}
		},
		{
			"from": [15.5, 0, 0],
			"to": [16.5, 1, 16],
			"rotation": {"angle": 0, "axis": "y", "origin": [8.5, 8, 8]},
			"faces": {
				"north": {"uv": [0.999, 15, 0, 16], "texture": "#0"},
				"east": {"uv": [16, 15, 0, 16], "texture": "#0"},
				"south": {"uv": [15.999, 15, 15, 16], "texture": "#0"},
				"west": {"uv": [16, 15, 0, 16], "texture": "#0"},
				"up": {"uv": [0, 16, 16, 15], "rotation": 270, "texture": "#0"},
				"down": {"uv": [0, 16, 16, 15], "rotation": 90, "texture": "#0"}
			}
		},
		{
			"from": [15.5, 4, 0],
			"to": [16.5, 5, 16],
			"rotation": {"angle": 0, "axis": "y", "origin": [8.5, 12, 8]},
			"faces": {
				"north": {"uv": [0.999, 10.999, 0, 11.999], "texture": "#0"},
				"east": {"uv": [16, 10.999, 0, 11.999], "texture": "#0"},
				"south": {"uv": [15.999, 10.998, 14.999, 11.998], "texture": "#0"},
				"west": {"uv": [16, 10.999, 0, 11.999], "texture": "#0"},
				"up": {"uv": [0, 11.999, 16, 10.999], "rotation": 270, "texture": "#0"},
				"down": {"uv": [0, 11.999, 16, 10.999], "rotation": 90, "texture": "#0"}
			}
		},
		{
			"from": [15.5, 8, 0],
			"to": [16.5, 9, 16],
			"rotation": {"angle": 0, "axis": "y", "origin": [8.5, 16, 8]},
			"faces": {
				"north": {"uv": [0.999, 7, 0, 8], "texture": "#0"},
				"east": {"uv": [16, 7, 0, 8], "texture": "#0"},
				"south": {"uv": [15.999, 7, 14.999, 8], "texture": "#0"},
				"west": {"uv": [16, 7, 0, 8], "texture": "#0"},
				"up": {"uv": [0, 8, 16, 7], "rotation": 270, "texture": "#0"},
				"down": {"uv": [0, 8, 16, 7], "rotation": 90, "texture": "#0"}
			}
		},
		{
			"from": [15.5, 12, 0],
			"to": [16.5, 13, 16],
			"rotation": {"angle": 0, "axis": "y", "origin": [8.5, 20, 8]},
			"faces": {
				"north": {"uv": [0.999, 3, 0, 4], "texture": "#0"},
				"east": {"uv": [16, 3, 0, 4], "texture": "#0"},
				"south": {"uv": [15.999, 3, 14.999, 4], "texture": "#0"},
				"west": {"uv": [16, 3, 0, 4], "texture": "#0"},
				"up": {"uv": [0, 4, 16, 3], "rotation": 270, "texture": "#0"},
				"down": {"uv": [0, 4, 16, 3], "rotation": 90, "texture": "#0"}
			}
		},
		{
			"from": [-0.5, 0, 0],
			"to": [0.5, 1, 16],
			"rotation": {"angle": 0, "axis": "y", "origin": [7.5, 8, 8]},
			"faces": {
				"north": {"uv": [0, 15, 0.999, 16], "texture": "#0"},
				"east": {"uv": [0, 15, 16, 16], "texture": "#0"},
				"south": {"uv": [15, 15, 15.999, 16], "texture": "#0"},
				"west": {"uv": [0, 15, 16, 16], "texture": "#0"},
				"up": {"uv": [0, 15, 16, 16], "rotation": 270, "texture": "#0"},
				"down": {"uv": [0, 15, 16, 16], "rotation": 90, "texture": "#0"}
			}
		},
		{
			"from": [-0.5, 4, 0],
			"to": [0.5, 5, 16],
			"rotation": {"angle": 0, "axis": "y", "origin": [7.5, 12, 8]},
			"faces": {
				"north": {"uv": [0, 10.999, 0.999, 11.999], "texture": "#0"},
				"east": {"uv": [0, 10.999, 16, 11.999], "texture": "#0"},
				"south": {"uv": [14.999, 10.998, 15.999, 11.998], "texture": "#0"},
				"west": {"uv": [0, 10.999, 16, 11.999], "texture": "#0"},
				"up": {"uv": [0, 10.999, 16, 11.999], "rotation": 270, "texture": "#0"},
				"down": {"uv": [0, 10.999, 16, 11.999], "rotation": 90, "texture": "#0"}
			}
		},
		{
			"from": [-0.5, 8, 0],
			"to": [0.5, 9, 16],
			"rotation": {"angle": 0, "axis": "y", "origin": [7.5, 16, 8]},
			"faces": {
				"north": {"uv": [0, 7, 0.999, 8], "texture": "#0"},
				"east": {"uv": [0, 7, 16, 8], "texture": "#0"},
				"south": {"uv": [14.999, 7, 15.999, 8], "texture": "#0"},
				"west": {"uv": [0, 7, 16, 8], "texture": "#0"},
				"up": {"uv": [0, 7, 16, 8], "rotation": 270, "texture": "#0"},
				"down": {"uv": [0, 7, 16, 8], "rotation": 90, "texture": "#0"}
			}
		},
		{
			"from": [-0.5, 12, 0],
			"to": [0.5, 13, 16],
			"rotation": {"angle": 0, "axis": "y", "origin": [7.5, 20, 8]},
			"faces": {
				"north": {"uv": [0, 3, 0.999, 4], "texture": "#0"},
				"east": {"uv": [0, 3, 16, 4], "texture": "#0"},
				"south": {"uv": [14.999, 3, 15.999, 4], "texture": "#0"},
				"west": {"uv": [0, 3, 16, 4], "texture": "#0"},
				"up": {"uv": [0, 3, 16, 4], "rotation": 270, "texture": "#0"},
				"down": {"uv": [0, 3, 16, 4], "rotation": 90, "texture": "#0"}
			}
		},
		{
			"from": [4, 16.25, 4],
			"to": [12, 16.25, 12],
			"rotation": {"angle": 0, "axis": "y", "origin": [12, 23.25, 12]},
			"faces": {
				"north": {"uv": [0, 0, 8, 0], "texture": "#2"},
				"east": {"uv": [0, 0, 8, 0], "texture": "#2"},
				"south": {"uv": [0, 0, 8, 0], "texture": "#2"},
				"west": {"uv": [0, 0, 8, 0], "texture": "#2"},
				"up": {"uv": [4, 4, 11.999, 11.999], "texture": "#2"},
				"down": {"uv": [0, 0, 0, 0], "texture": "#2"}
			}
		},
		{
			"from": [3, 16, 3],
			"to": [4, 17, 13],
			"rotation": {"angle": 0, "axis": "y", "origin": [11, 24, 11]},
			"faces": {
				"north": {"uv": [12, 3, 13, 4], "texture": "#3"},
				"east": {"uv": [3, 3, 4, 13], "rotation": 90, "texture": "#3"},
				"south": {"uv": [3, 12, 4, 13], "texture": "#3"},
				"west": {"uv": [3, 3, 4, 13], "rotation": 270, "texture": "#3"},
				"up": {"uv": [3, 3, 4, 13], "texture": "#3"},
				"down": {"uv": [0, 0, 0, 0], "texture": "#3"}
			}
		},
		{
			"from": [6, 15.975, 3.025],
			"to": [7, 16.975, 12.975],
			"rotation": {"angle": 0, "axis": "y", "origin": [14, 23.975, 11.025]},
			"faces": {
				"north": {"uv": [12, 3, 13, 4], "texture": "#3"},
				"east": {"uv": [6, 3, 7, 13], "rotation": 90, "texture": "#3"},
				"south": {"uv": [3, 12, 4, 13], "texture": "#3"},
				"west": {"uv": [6, 3, 7, 13], "rotation": 270, "texture": "#3"},
				"up": {"uv": [6, 3, 7, 13], "texture": "#3"},
				"down": {"uv": [0, 0, 0, 0], "texture": "#3"}
			}
		},
		{
			"from": [9, 15.975, 3.025],
			"to": [10, 16.975, 12.975],
			"rotation": {"angle": 0, "axis": "y", "origin": [17, 23.975, 11.025]},
			"faces": {
				"north": {"uv": [12, 3, 13, 4], "texture": "#3"},
				"east": {"uv": [9, 3, 10, 13], "rotation": 90, "texture": "#3"},
				"south": {"uv": [3, 12, 4, 13], "texture": "#3"},
				"west": {"uv": [9, 3, 10, 13], "rotation": 270, "texture": "#3"},
				"up": {"uv": [9, 3, 10, 13], "texture": "#3"},
				"down": {"uv": [0, 0, 0, 0], "texture": "#3"}
			}
		},
		{
			"from": [12, 16, 3],
			"to": [13, 17, 13],
			"rotation": {"angle": 0, "axis": "y", "origin": [20, 24, 11]},
			"faces": {
				"north": {"uv": [12, 3, 13, 4], "texture": "#3"},
				"east": {"uv": [12, 3, 13, 13], "rotation": 90, "texture": "#3"},
				"south": {"uv": [3, 12, 4, 13], "texture": "#3"},
				"west": {"uv": [12, 3, 13, 13], "rotation": 270, "texture": "#3"},
				"up": {"uv": [12, 3, 13, 13], "texture": "#3"},
				"down": {"uv": [0, 0, 0, 0], "texture": "#3"}
			}
		},
		{
			"from": [4, 16, 12],
			"to": [12, 17, 13],
			"rotation": {"angle": 0, "axis": "y", "origin": [8, 8, 17]},
			"faces": {
				"north": {"uv": [4, 12, 12, 13], "rotation": 180, "texture": "#3"},
				"east": {"uv": [4, 12, 12, 13], "texture": "#3"},
				"south": {"uv": [4, 12, 12, 13], "texture": "#3"},
				"west": {"uv": [4, 12, 12, 13], "texture": "#3"},
				"up": {"uv": [4, 12, 12, 13], "texture": "#3"},
				"down": {"uv": [0, 0, 0, 0], "texture": "#3"}
			}
		},
		{
			"from": [4, 16, 9],
			"to": [12, 17, 10],
			"rotation": {"angle": 0, "axis": "y", "origin": [8, 8, 14]},
			"faces": {
				"north": {"uv": [4, 9, 12, 10], "rotation": 180, "texture": "#3"},
				"east": {"uv": [4, 9, 12, 10], "texture": "#3"},
				"south": {"uv": [4, 9, 12, 10], "texture": "#3"},
				"west": {"uv": [4, 9, 12, 10], "texture": "#3"},
				"up": {"uv": [4, 9, 12, 10], "texture": "#3"},
				"down": {"uv": [0, 0, 0, 0], "texture": "#3"}
			}
		},
		{
			"from": [4, 16, 6],
			"to": [12, 17, 7],
			"rotation": {"angle": 0, "axis": "y", "origin": [8, 8, 11]},
			"faces": {
				"north": {"uv": [4, 6, 12, 7], "rotation": 180, "texture": "#3"},
				"east": {"uv": [4, 6, 12, 7], "texture": "#3"},
				"south": {"uv": [4, 6, 12, 7], "texture": "#3"},
				"west": {"uv": [4, 6, 12, 7], "texture": "#3"},
				"up": {"uv": [4, 6, 12, 7], "texture": "#3"},
				"down": {"uv": [0, 0, 0, 0], "texture": "#3"}
			}
		},
		{
			"from": [4, 16, 3],
			"to": [12, 17, 4],
			"faces": {
				"north": {"uv": [4, 3, 12, 4], "rotation": 180, "texture": "#3"},
				"east": {"uv": [4, 3, 12, 4], "texture": "#3"},
				"south": {"uv": [4, 3, 12, 4], "texture": "#3"},
				"west": {"uv": [4, 3, 12, 4], "texture": "#3"},
				"up": {"uv": [4, 3, 12, 4], "texture": "#3"},
				"down": {"uv": [0, 0, 0, 0], "texture": "#3"}
			}
		}
	],
	"display": {
		"thirdperson_righthand": {
			"rotation": [75, 45, 0],
			"translation": [0, 2.5, 0],
			"scale": [0.375, 0.375, 0.375]
		},
		"firstperson_righthand": {
			"rotation": [0, 45, 0],
			"scale": [0.4, 0.4, 0.4]
		},
		"firstperson_lefthand": {
			"rotation": [0, 225, 0],
			"scale": [0.4, 0.4, 0.4]
		},
		"ground": {
			"translation": [0, 3, 0],
			"scale": [0.25, 0.25, 0.25]
		},
		"gui": {
			"rotation": [30, 225, 0],
			"scale": [0.625, 0.625, 0.625]
		},
		"fixed": {
			"rotation": [-90, 0, 0],
			"translation": [0, 0, 16],
			"scale": [2.00156, 2.00156, 2.00156]
		}
	},
	"groups": [0,
		{
			"name": "ribbing",
			"origin": [8, 8, 7.5],
			"children": [1, 2, 3, 4]
		},
		{
			"name": "ribbing",
			"origin": [8, 8, 7.5],
			"children": [5, 6, 7, 8]
		},
		{
			"name": "ribbing",
			"origin": [8, 8, 7.5],
			"children": [9, 10, 11, 12]
		},
		{
			"name": "ribbing",
			"origin": [8, 8, 7.5],
			"children": [13, 14, 15, 16]
		},
		{
			"name": "grid",
			"origin": [8, 8, 8],
			"children": [
				{
					"name": "grid",
					"origin": [8, 8, 8],
					"children": [17, 18, 19, 20, 21, 22, 23, 24, 25]
				}
			]
		}
	]
}