{
	"credit": "Made with Blockbench",
	"textures": {
		"0": "crafter/redstone_crafter/redstone_lamp",
		"1": "crafter/redstone_crafter/crafting_table_side",
		"2": "crafter/redstone_crafter/crafting_table_top",
		"3": "crafter/redstone_crafter/crafting_table_top_inner",
		"4": "crafter/redstone_crafter/crafting_table_front",
		"particle": "crafter/redstone_crafter/redstone_lamp"
	},
	"elements": [
		{
			"from": [0, 0, 0],
			"to": [16, 16, 16],
			"faces": {
				"north": {"uv": [0, 0, 16, 16], "texture": "#4"},
				"east": {"uv": [0, 0, 16, 16], "texture": "#1"},
				"south": {"uv": [0, 0, 16, 16], "texture": "#4"},
				"west": {"uv": [0, 0, 16, 16], "texture": "#1"},
				"up": {"uv": [0, 0, 16, 16], "texture": "#2"},
				"down": {"uv": [0, 0, 16, 16], "texture": "#0"}
			}
		},
		{
			"from": [3, 3, -1],
			"to": [5, 14, 0],
			"rotation": {"angle": 0, "axis": "y", "origin": [11, 11, 7]},
			"faces": {
				"north": {"uv": [10.999, 2, 12.999, 12.999], "texture": "#4"},
				"east": {"uv": [10.999, 2, 11.998, 12.999], "texture": "#4"},
				"south": {"uv": [10.999, 2, 12.999, 12.999], "texture": "#4"},
				"west": {"uv": [11.998, 2, 12.998, 12.999], "texture": "#4"},
				"up": {"uv": [10.999, 2, 12.998, 2.999], "texture": "#4"},
				"down": {"uv": [10.999, 12, 12.998, 12.999], "texture": "#4"}
			}
		},
		{
			"from": [2, 11, -0.975],
			"to": [6, 13, 0.025],
			"rotation": {"angle": 0, "axis": "y", "origin": [11, 11, 7.025]},
			"faces": {
				"north": {"uv": [9.999, 3, 13.999, 5], "texture": "#4"},
				"east": {"uv": [9.998, 3, 10.997, 5], "texture": "#4"},
				"south": {"uv": [9.999, 3, 13.999, 5], "texture": "#4"},
				"west": {"uv": [12.998, 3, 13.998, 5], "texture": "#4"},
				"up": {"uv": [9.998, 3, 13.998, 3.999], "texture": "#4"},
				"down": {"uv": [9.998, 4, 13.998, 5], "texture": "#4"}
			}
		},
		{
			"from": [11, 3, 16],
			"to": [13, 14, 17],
			"rotation": {"angle": 0, "axis": "y", "origin": [19, 11, 9]},
			"faces": {
				"north": {"uv": [12.999, 2, 10.999, 12.999], "texture": "#4"},
				"east": {"uv": [11.998, 2, 10.999, 12.999], "texture": "#4"},
				"south": {"uv": [12.999, 2, 10.999, 12.999], "texture": "#4"},
				"west": {"uv": [12.998, 2, 11.998, 12.999], "texture": "#4"},
				"up": {"uv": [10.999, 2.999, 12.998, 2], "texture": "#4"},
				"down": {"uv": [10.999, 12.999, 12.998, 12], "texture": "#4"}
			}
		},
		{
			"from": [10, 11, 15.975],
			"to": [14, 13, 16.975],
			"rotation": {"angle": 0, "axis": "y", "origin": [19, 11, 8.975]},
			"faces": {
				"north": {"uv": [13.999, 3, 9.999, 5], "texture": "#4"},
				"east": {"uv": [10.997, 3, 9.998, 5], "texture": "#4"},
				"south": {"uv": [13.999, 3, 9.999, 5], "texture": "#4"},
				"west": {"uv": [13.998, 3, 12.998, 5], "texture": "#4"},
				"up": {"uv": [9.998, 3.999, 13.998, 3], "texture": "#4"},
				"down": {"uv": [9.998, 5, 13.998, 4], "texture": "#4"}
			}
		},
		{
			"from": [-1, 3, 1],
			"to": [0, 5, 6],
			"rotation": {"angle": 0, "axis": "y", "origin": [7, 10, 9]},
			"faces": {
				"north": {"uv": [1, 10.999, 1.999, 12.999], "texture": "#1"},
				"east": {"uv": [0, 0, 5, 3], "texture": "#missing"},
				"south": {"uv": [4.999, 10.999, 5.999, 12.999], "texture": "#1"},
				"west": {"uv": [1, 10.999, 6, 12.999], "texture": "#1"},
				"up": {"uv": [1, 10.999, 6, 11.998], "rotation": 90, "texture": "#1"},
				"down": {"uv": [1, 11.998, 6, 12.998], "rotation": 270, "texture": "#1"}
			}
		},
		{
			"from": [-1, 2, 1],
			"to": [0, 3, 5],
			"rotation": {"angle": 0, "axis": "y", "origin": [7, 9, 9]},
			"faces": {
				"north": {"uv": [1, 13, 1.999, 14], "texture": "#1"},
				"east": {"uv": [1, 13, 5, 14], "texture": "#1"},
				"south": {"uv": [4, 13, 5, 14], "texture": "#1"},
				"west": {"uv": [1, 13, 5, 14], "texture": "#1"},
				"up": {"uv": [1, 13, 5, 14], "texture": "#1"},
				"down": {"uv": [1, 13, 5, 14], "rotation": 270, "texture": "#1"}
			}
		},
		{
			"from": [-1, 6, 10],
			"to": [0, 8, 11],
			"rotation": {"angle": 0, "axis": "y", "origin": [7, 13, 11]},
			"faces": {
				"north": {"uv": [0, 0, 1, 2], "texture": "#missing"},
				"east": {"uv": [9.999, 8, 10.999, 9.999], "texture": "#1"},
				"south": {"uv": [9.999, 8, 10.999, 9.999], "texture": "#1"},
				"west": {"uv": [9.999, 8, 10.999, 9.999], "texture": "#1"},
				"up": {"uv": [0, 0, 1, 1], "texture": "#missing"},
				"down": {"uv": [9.998, 8.999, 10.998, 9.997], "texture": "#1"}
			}
		},
		{
			"from": [-1, 7, 2],
			"to": [0, 9, 4],
			"rotation": {"angle": 0, "axis": "y", "origin": [7, 13, 10]},
			"faces": {
				"north": {"uv": [2, 7, 2.999, 8.997], "texture": "#1"},
				"east": {"uv": [2, 7, 4, 8.998], "texture": "#1"},
				"south": {"uv": [3, 7, 4, 8.997], "texture": "#1"},
				"west": {"uv": [2, 7, 4, 8.998], "texture": "#1"},
				"up": {"uv": [2, 7, 4, 7.996], "rotation": 90, "texture": "#1"},
				"down": {"uv": [2, 7.997, 4, 8.997], "texture": "#1"}
			}
		},
		{
			"from": [-1, 8, 8],
			"to": [0, 9, 11],
			"rotation": {"angle": 0, "axis": "y", "origin": [7, 14, 16]},
			"faces": {
				"north": {"uv": [8, 7, 8.997, 8], "texture": "#1"},
				"east": {"uv": [0, 0, 3, 1], "texture": "#missing"},
				"south": {"uv": [9.998, 7, 10.998, 8], "texture": "#1"},
				"west": {"uv": [8, 7, 10.999, 8], "texture": "#1"},
				"up": {"uv": [8, 7, 10.999, 8], "rotation": 90, "texture": "#1"},
				"down": {"uv": [0, 0, 1, 3], "texture": "#missing"}
			}
		},
		{
			"from": [-1, 4, 6],
			"to": [0, 5, 9],
			"rotation": {"angle": 0, "axis": "y", "origin": [7, 10, 14]},
			"faces": {
				"north": {"uv": [4, 12, 4.999, 13], "texture": "#1"},
				"east": {"uv": [4, 12, 7, 13], "texture": "#1"},
				"south": {"uv": [6, 12, 7, 13], "texture": "#1"},
				"west": {"uv": [4, 12, 7, 13], "texture": "#1"},
				"up": {"uv": [4, 12, 7, 13], "texture": "#1"},
				"down": {"uv": [4, 12, 7, 13], "rotation": 270, "texture": "#1"}
			}
		},
		{
			"from": [-1, 3, 6],
			"to": [0, 4, 7],
			"rotation": {"angle": 0, "axis": "y", "origin": [7, 9, 14]},
			"faces": {
				"north": {"uv": [6, 12, 7, 13], "texture": "#1"},
				"east": {"uv": [6, 12, 7, 13], "texture": "#1"},
				"south": {"uv": [6, 12, 7, 13], "texture": "#1"},
				"west": {"uv": [6, 12, 7, 13], "texture": "#1"},
				"up": {"uv": [6, 12, 7, 13], "texture": "#1"},
				"down": {"uv": [6, 12, 7, 13], "texture": "#1"}
			}
		},
		{
			"from": [-1, 8, 12],
			"to": [0, 14, 14],
			"rotation": {"angle": 0, "axis": "y", "origin": [7, 16, 13]},
			"faces": {
				"north": {"uv": [12, 2, 12.999, 8], "texture": "#1"},
				"east": {"uv": [12, 2, 14, 8], "texture": "#1"},
				"south": {"uv": [12.999, 2, 13.999, 8], "texture": "#1"},
				"west": {"uv": [12, 2, 14, 8], "texture": "#1"},
				"up": {"uv": [12, 2, 14, 2.999], "texture": "#1"},
				"down": {"uv": [12, 7, 14, 7.998], "texture": "#1"}
			}
		},
		{
			"from": [-1, 5, 2],
			"to": [0, 7, 10],
			"rotation": {"angle": 0, "axis": "y", "origin": [7, 13, 10]},
			"faces": {
				"north": {"uv": [2, 8.998, 2.998, 10.997], "texture": "#1"},
				"east": {"uv": [0, 0, 8, 2], "texture": "#missing"},
				"south": {"uv": [8.997, 8.997, 9.997, 10.997], "texture": "#1"},
				"west": {"uv": [2, 8.999, 9.999, 10.999], "texture": "#1"},
				"up": {"uv": [2, 8.998, 9.998, 9.997], "rotation": 90, "texture": "#1"},
				"down": {"uv": [2, 9.998, 9.998, 10.998], "rotation": 270, "texture": "#1"}
			}
		},
		{
			"from": [-1, 7, 6],
			"to": [0, 8, 10],
			"rotation": {"angle": 0, "axis": "y", "origin": [7, 14, 10]},
			"faces": {
				"north": {"uv": [6, 8, 6.998, 8.998], "texture": "#1"},
				"east": {"uv": [6, 8, 9.999, 8.999], "texture": "#1"},
				"south": {"uv": [6, 8, 6.998, 8.998], "texture": "#1"},
				"west": {"uv": [6, 8, 9.999, 8.999], "texture": "#1"},
				"up": {"uv": [6, 8, 9.999, 8.999], "rotation": 90, "texture": "#1"},
				"down": {"uv": [0, 0, 1, 4], "texture": "#missing"}
			}
		},
		{
			"from": [16, 3, 10],
			"to": [17, 5, 15],
			"rotation": {"angle": 0, "axis": "y", "origin": [9, 10, 7]},
			"faces": {
				"north": {"uv": [4.999, 10.999, 5.999, 12.999], "texture": "#1"},
				"east": {"uv": [1, 10.999, 6, 12.999], "texture": "#1"},
				"south": {"uv": [1, 10.999, 1.999, 12.999], "texture": "#1"},
				"west": {"uv": [0, 0, 5, 3], "texture": "#missing"},
				"up": {"uv": [6, 11.998, 1, 10.999], "rotation": 90, "texture": "#1"},
				"down": {"uv": [6, 12.998, 1, 11.998], "rotation": 270, "texture": "#1"}
			}
		},
		{
			"from": [16, 2, 11],
			"to": [17, 3, 15],
			"rotation": {"angle": 0, "axis": "y", "origin": [9, 9, 7]},
			"faces": {
				"north": {"uv": [4, 13, 5, 14], "texture": "#1"},
				"east": {"uv": [1, 13, 5, 14], "texture": "#1"},
				"south": {"uv": [1, 13, 1.999, 14], "texture": "#1"},
				"west": {"uv": [1, 13, 5, 14], "texture": "#1"},
				"up": {"uv": [5, 14, 1, 13], "texture": "#1"},
				"down": {"uv": [5, 14, 1, 13], "rotation": 270, "texture": "#1"}
			}
		},
		{
			"from": [16, 6, 5],
			"to": [17, 8, 6],
			"rotation": {"angle": 0, "axis": "y", "origin": [9, 13, 5]},
			"faces": {
				"north": {"uv": [9.999, 8, 10.999, 9.999], "texture": "#1"},
				"east": {"uv": [9.999, 8, 10.999, 9.999], "texture": "#1"},
				"south": {"uv": [0, 0, 1, 2], "texture": "#missing"},
				"west": {"uv": [9.999, 8, 10.999, 9.999], "texture": "#1"},
				"up": {"uv": [1, 1, 0, 0], "texture": "#missing"},
				"down": {"uv": [10.998, 9.997, 9.998, 8.999], "texture": "#1"}
			}
		},
		{
			"from": [16, 7, 12],
			"to": [17, 9, 14],
			"rotation": {"angle": 0, "axis": "y", "origin": [9, 13, 6]},
			"faces": {
				"north": {"uv": [3, 7, 4, 8.997], "texture": "#1"},
				"east": {"uv": [2, 7, 4, 8.998], "texture": "#1"},
				"south": {"uv": [2, 7, 2.999, 8.997], "texture": "#1"},
				"west": {"uv": [2, 7, 4, 8.998], "texture": "#1"},
				"up": {"uv": [4, 7.996, 2, 7], "rotation": 90, "texture": "#1"},
				"down": {"uv": [4, 8.997, 2, 7.997], "texture": "#1"}
			}
		},
		{
			"from": [16, 8, 5],
			"to": [17, 9, 8],
			"rotation": {"angle": 0, "axis": "y", "origin": [9, 14, 0]},
			"faces": {
				"north": {"uv": [9.998, 7, 10.998, 8], "texture": "#1"},
				"east": {"uv": [8, 7, 10.999, 8], "texture": "#1"},
				"south": {"uv": [8, 7, 8.997, 8], "texture": "#1"},
				"west": {"uv": [0, 0, 3, 1], "texture": "#missing"},
				"up": {"uv": [10.999, 8, 8, 7], "rotation": 90, "texture": "#1"},
				"down": {"uv": [1, 3, 0, 0], "texture": "#missing"}
			}
		},
		{
			"from": [16, 4, 7],
			"to": [17, 5, 10],
			"rotation": {"angle": 0, "axis": "y", "origin": [9, 10, 2]},
			"faces": {
				"north": {"uv": [6, 12, 7, 13], "texture": "#1"},
				"east": {"uv": [4, 12, 7, 13], "texture": "#1"},
				"south": {"uv": [4, 12, 4.999, 13], "texture": "#1"},
				"west": {"uv": [4, 12, 7, 13], "texture": "#1"},
				"up": {"uv": [7, 13, 4, 12], "texture": "#1"},
				"down": {"uv": [7, 13, 4, 12], "rotation": 270, "texture": "#1"}
			}
		},
		{
			"from": [16, 3, 9],
			"to": [17, 4, 10],
			"rotation": {"angle": 0, "axis": "y", "origin": [9, 9, 2]},
			"faces": {
				"north": {"uv": [6, 12, 7, 13], "texture": "#1"},
				"east": {"uv": [6, 12, 7, 13], "texture": "#1"},
				"south": {"uv": [6, 12, 7, 13], "texture": "#1"},
				"west": {"uv": [6, 12, 7, 13], "texture": "#1"},
				"up": {"uv": [7, 13, 6, 12], "texture": "#1"},
				"down": {"uv": [7, 13, 6, 12], "texture": "#1"}
			}
		},
		{
			"from": [16, 8, 2],
			"to": [17, 14, 4],
			"rotation": {"angle": 0, "axis": "y", "origin": [9, 16, 3]},
			"faces": {
				"north": {"uv": [12.999, 2, 13.999, 8], "texture": "#1"},
				"east": {"uv": [12, 2, 14, 8], "texture": "#1"},
				"south": {"uv": [12, 2, 12.999, 8], "texture": "#1"},
				"west": {"uv": [12, 2, 14, 8], "texture": "#1"},
				"up": {"uv": [14, 2.999, 12, 2], "texture": "#1"},
				"down": {"uv": [14, 7.998, 12, 7], "texture": "#1"}
			}
		},
		{
			"from": [16, 5, 6],
			"to": [17, 7, 14],
			"rotation": {"angle": 0, "axis": "y", "origin": [9, 13, 6]},
			"faces": {
				"north": {"uv": [8.997, 8.997, 9.997, 10.997], "texture": "#1"},
				"east": {"uv": [2, 8.999, 9.999, 10.999], "texture": "#1"},
				"south": {"uv": [2, 8.998, 2.998, 10.997], "texture": "#1"},
				"west": {"uv": [0, 0, 8, 2], "texture": "#missing"},
				"up": {"uv": [9.998, 9.997, 2, 8.998], "rotation": 90, "texture": "#1"},
				"down": {"uv": [9.998, 10.998, 2, 9.998], "rotation": 270, "texture": "#1"}
			}
		},
		{
			"from": [16, 7, 6],
			"to": [17, 8, 10],
			"rotation": {"angle": 0, "axis": "y", "origin": [9, 14, 6]},
			"faces": {
				"north": {"uv": [6, 8, 6.998, 8.998], "texture": "#1"},
				"east": {"uv": [6, 8, 9.999, 8.999], "texture": "#1"},
				"south": {"uv": [6, 8, 6.998, 8.998], "texture": "#1"},
				"west": {"uv": [6, 8, 9.999, 8.999], "texture": "#1"},
				"up": {"uv": [9.999, 8.999, 6, 8], "rotation": 90, "texture": "#1"},
				"down": {"uv": [1, 4, 0, 0], "texture": "#missing"}
			}
		},
		{
			"from": [4, 16.25, 4],
			"to": [12, 16.25, 12],
			"rotation": {"angle": 0, "axis": "y", "origin": [12, 23.25, 12]},
			"faces": {
				"north": {"uv": [0, 0, 8, 0], "texture": "#3"},
				"east": {"uv": [0, 0, 8, 0], "texture": "#3"},
				"south": {"uv": [0, 0, 8, 0], "texture": "#3"},
				"west": {"uv": [0, 0, 8, 0], "texture": "#3"},
				"up": {"uv": [4, 4, 11.999, 11.999], "texture": "#3"},
				"down": {"uv": [0, 0, 0, 0], "texture": "#3"}
			}
		},
		{
			"from": [3, 16, 3],
			"to": [4, 17, 13],
			"rotation": {"angle": 0, "axis": "y", "origin": [11, 24, 11]},
			"faces": {
				"north": {"uv": [12, 3, 13, 4], "texture": "#2"},
				"east": {"uv": [3, 3, 4, 13], "rotation": 90, "texture": "#2"},
				"south": {"uv": [3, 12, 4, 13], "texture": "#2"},
				"west": {"uv": [3, 3, 4, 13], "rotation": 270, "texture": "#2"},
				"up": {"uv": [3, 3, 4, 13], "texture": "#2"},
				"down": {"uv": [0, 0, 0, 0], "texture": "#2"}
			}
		},
		{
			"from": [6, 15.975, 3.025],
			"to": [7, 16.975, 12.975],
			"rotation": {"angle": 0, "axis": "y", "origin": [14, 23.975, 11.025]},
			"faces": {
				"north": {"uv": [12, 3, 13, 4], "texture": "#2"},
				"east": {"uv": [6, 3, 7, 13], "rotation": 90, "texture": "#2"},
				"south": {"uv": [3, 12, 4, 13], "texture": "#2"},
				"west": {"uv": [6, 3, 7, 13], "rotation": 270, "texture": "#2"},
				"up": {"uv": [6, 3, 7, 13], "texture": "#2"},
				"down": {"uv": [0, 0, 0, 0], "texture": "#2"}
			}
		},
		{
			"from": [9, 15.975, 3.025],
			"to": [10, 16.975, 12.975],
			"rotation": {"angle": 0, "axis": "y", "origin": [17, 23.975, 11.025]},
			"faces": {
				"north": {"uv": [12, 3, 13, 4], "texture": "#2"},
				"east": {"uv": [9, 3, 10, 13], "rotation": 90, "texture": "#2"},
				"south": {"uv": [3, 12, 4, 13], "texture": "#2"},
				"west": {"uv": [9, 3, 10, 13], "rotation": 270, "texture": "#2"},
				"up": {"uv": [9, 3, 10, 13], "texture": "#2"},
				"down": {"uv": [0, 0, 0, 0], "texture": "#2"}
			}
		},
		{
			"from": [12, 16, 3],
			"to": [13, 17, 13],
			"rotation": {"angle": 0, "axis": "y", "origin": [20, 24, 11]},
			"faces": {
				"north": {"uv": [12, 3, 13, 4], "texture": "#2"},
				"east": {"uv": [12, 3, 13, 13], "rotation": 90, "texture": "#2"},
				"south": {"uv": [3, 12, 4, 13], "texture": "#2"},
				"west": {"uv": [12, 3, 13, 13], "rotation": 270, "texture": "#2"},
				"up": {"uv": [12, 3, 13, 13], "texture": "#2"},
				"down": {"uv": [0, 0, 0, 0], "texture": "#2"}
			}
		},
		{
			"from": [4, 16, 12],
			"to": [12, 17, 13],
			"rotation": {"angle": 0, "axis": "y", "origin": [8, 8, 17]},
			"faces": {
				"north": {"uv": [4, 12, 12, 13], "rotation": 180, "texture": "#2"},
				"east": {"uv": [4, 12, 12, 13], "texture": "#2"},
				"south": {"uv": [4, 12, 12, 13], "texture": "#2"},
				"west": {"uv": [4, 12, 12, 13], "texture": "#2"},
				"up": {"uv": [4, 12, 12, 13], "texture": "#2"},
				"down": {"uv": [0, 0, 0, 0], "texture": "#2"}
			}
		},
		{
			"from": [4, 16, 9],
			"to": [12, 17, 10],
			"rotation": {"angle": 0, "axis": "y", "origin": [8, 8, 14]},
			"faces": {
				"north": {"uv": [4, 9, 12, 10], "rotation": 180, "texture": "#2"},
				"east": {"uv": [4, 9, 12, 10], "texture": "#2"},
				"south": {"uv": [4, 9, 12, 10], "texture": "#2"},
				"west": {"uv": [4, 9, 12, 10], "texture": "#2"},
				"up": {"uv": [4, 9, 12, 10], "texture": "#2"},
				"down": {"uv": [0, 0, 0, 0], "texture": "#2"}
			}
		},
		{
			"from": [4, 16, 6],
			"to": [12, 17, 7],
			"rotation": {"angle": 0, "axis": "y", "origin": [8, 8, 11]},
			"faces": {
				"north": {"uv": [4, 6, 12, 7], "rotation": 180, "texture": "#2"},
				"east": {"uv": [4, 6, 12, 7], "texture": "#2"},
				"south": {"uv": [4, 6, 12, 7], "texture": "#2"},
				"west": {"uv": [4, 6, 12, 7], "texture": "#2"},
				"up": {"uv": [4, 6, 12, 7], "texture": "#2"},
				"down": {"uv": [0, 0, 0, 0], "texture": "#2"}
			}
		},
		{
			"from": [4, 16, 3],
			"to": [12, 17, 4],
			"faces": {
				"north": {"uv": [4, 3, 12, 4], "rotation": 180, "texture": "#2"},
				"east": {"uv": [4, 3, 12, 4], "texture": "#2"},
				"south": {"uv": [4, 3, 12, 4], "texture": "#2"},
				"west": {"uv": [4, 3, 12, 4], "texture": "#2"},
				"up": {"uv": [4, 3, 12, 4], "texture": "#2"},
				"down": {"uv": [0, 0, 0, 0], "texture": "#2"}
			}
		}
	],
	"display": {
		"thirdperson_righthand": {
			"rotation": [75, 45, 0],
			"translation": [0, 2.5, 0],
			"scale": [0.375, 0.375, 0.375]
		},
		"firstperson_righthand": {
			"rotation": [0, 45, 0],
			"scale": [0.4, 0.4, 0.4]
		},
		"firstperson_lefthand": {
			"rotation": [0, 225, 0],
			"scale": [0.4, 0.4, 0.4]
		},
		"ground": {
			"translation": [0, 3, 0],
			"scale": [0.25, 0.25, 0.25]
		},
		"gui": {
			"rotation": [30, 225, 0],
			"scale": [0.625, 0.625, 0.625]
		},
		"fixed": {
			"rotation": [-90, 0, 0],
			"translation": [0, 0, 16],
			"scale": [2.00156, 2.00156, 2.00156]
		}
	},
	"groups": [0,
		{
			"name": "group",
			"origin": [11, 11, 7.025],
			"children": [1, 2]
		},
		{
			"name": "group",
			"origin": [11, 11, 7.025],
			"children": [3, 4]
		},
		{
			"name": "group",
			"origin": [7, 13, 10],
			"children": [5, 6, 7, 8, 9, 10, 11, 12, 13, 14]
		},
		{
			"name": "group",
			"origin": [7, 13, 10],
			"children": [15, 16, 17, 18, 19, 20, 21, 22, 23, 24]
		},
		{
			"name": "grid",
			"origin": [8, 8, 8],
			"children": [
				{
					"name": "grid",
					"origin": [8, 8, 8],
					"children": [25, 26, 27, 28, 29, 30, 31, 32, 33]
				}
			]
		}
	]
}