{
	"credit": "Made with Blockbench",
	"textures": {
		"0": "crafter/sword_crafter/smithing_table_top",
		"1": "crafter/sword_crafter/smithing_table_bottom",
		"2": "crafter/sword_crafter/crafting_table_top_inner",
		"3": "crafter/sword_crafter/smithing_table_front",
		"4": "crafter/sword_crafter/smithing_table_side",
		"particle": "crafter/sword_crafter/smithing_table_top"
	},
	"elements": [
		{
			"from": [0, 0, 0],
			"to": [16, 16, 16],
			"faces": {
				"north": {"uv": [0, 0, 16, 16], "texture": "#3"},
				"east": {"uv": [0, 0, 16, 16], "texture": "#4"},
				"south": {"uv": [0, 0, 16, 16], "texture": "#3"},
				"west": {"uv": [0, 0, 16, 16], "texture": "#4"},
				"up": {"uv": [0, 0, 16, 16], "texture": "#0"},
				"down": {"uv": [0, 0, 16, 16], "texture": "#1"}
			}
		},
		{
			"from": [-1, 7, 3],
			"to": [0, 10, 8],
			"rotation": {"angle": 0, "axis": "y", "origin": [7, 17, 11]},
			"faces": {
				"north": {"uv": [3, 6, 3.999, 8.998], "texture": "#4"},
				"east": {"uv": [3, 6, 8, 8.999], "texture": "#4"},
				"south": {"uv": [7, 6, 8, 8.998], "texture": "#4"},
				"west": {"uv": [3, 6, 8, 8.999], "texture": "#4"},
				"up": {"uv": [3, 6, 8, 6.998], "rotation": 90, "texture": "#4"},
				"down": {"uv": [3, 7.998, 8, 8.998], "rotation": 90, "texture": "#4"}
			}
		},
		{
			"from": [16, 7, 8],
			"to": [17, 10, 13],
			"rotation": {"angle": 0, "axis": "y", "origin": [9, 17, 16]},
			"faces": {
				"north": {"uv": [3.999, 6, 3, 8.998], "texture": "#4"},
				"east": {"uv": [8, 6, 3, 8.999], "texture": "#4"},
				"south": {"uv": [8, 6, 7, 8.998], "texture": "#4"},
				"west": {"uv": [8, 6, 3, 8.999], "texture": "#4"},
				"up": {"uv": [3, 6.998, 8, 6], "rotation": 90, "texture": "#4"},
				"down": {"uv": [3, 8.998, 8, 7.998], "rotation": 90, "texture": "#4"}
			}
		},
		{
			"from": [15.975, 3, 10],
			"to": [16.725, 11, 11],
			"rotation": {"angle": 0, "axis": "y", "origin": [8.975, 11, 18]},
			"faces": {
				"north": {"uv": [6, 5, 5, 12.999], "texture": "#4"},
				"east": {"uv": [6, 5, 5, 12.999], "texture": "#4"},
				"south": {"uv": [6, 5, 5, 12.999], "texture": "#4"},
				"west": {"uv": [6, 5, 5, 12.999], "texture": "#4"},
				"up": {"uv": [6, 5, 5, 5.998], "texture": "#4"},
				"down": {"uv": [6, 12, 5, 12.998], "texture": "#4"}
			}
		},
		{
			"from": [-0.725, 3, 5],
			"to": [0.025, 11, 6],
			"rotation": {"angle": 0, "axis": "y", "origin": [7.025, 11, 13]},
			"faces": {
				"north": {"uv": [5, 5, 6, 12.999], "texture": "#4"},
				"east": {"uv": [5, 5, 6, 12.999], "texture": "#4"},
				"south": {"uv": [5, 5, 6, 12.999], "texture": "#4"},
				"west": {"uv": [5, 5, 6, 12.999], "texture": "#4"},
				"up": {"uv": [5, 5, 6, 5.998], "texture": "#4"},
				"down": {"uv": [5, 12, 6, 12.998], "texture": "#4"}
			}
		},
		{
			"from": [12, 4, -1],
			"to": [13, 10, 0],
			"rotation": {"angle": 0, "axis": "y", "origin": [20, 12, 7]},
			"faces": {
				"north": {"uv": [3, 6, 4, 11.999], "texture": "#3"},
				"east": {"uv": [3, 6, 4, 11.999], "texture": "#3"},
				"south": {"uv": [3, 6, 4, 11.999], "texture": "#3"},
				"west": {"uv": [3, 6, 4, 11.999], "texture": "#3"},
				"up": {"uv": [3, 6, 4, 6.998], "texture": "#3"},
				"down": {"uv": [3, 10.999, 4, 11.997], "texture": "#3"}
			}
		},
		{
			"from": [10, 4, -1],
			"to": [11, 11, 0],
			"rotation": {"angle": 0, "axis": "y", "origin": [18, 12, 7]},
			"faces": {
				"north": {"uv": [5, 5, 6, 11.999], "texture": "#3"},
				"east": {"uv": [5, 5, 6, 11.999], "texture": "#3"},
				"south": {"uv": [5, 5, 6, 11.999], "texture": "#3"},
				"west": {"uv": [5, 5, 6, 11.999], "texture": "#3"},
				"up": {"uv": [5, 5, 6, 5.998], "texture": "#3"},
				"down": {"uv": [5, 10.999, 6, 11.997], "texture": "#3"}
			}
		},
		{
			"from": [7, 7, -1],
			"to": [8, 10, 0],
			"rotation": {"angle": 0, "axis": "y", "origin": [15, 11, 7]},
			"faces": {
				"north": {"uv": [8, 6, 8.999, 8.999], "texture": "#3"},
				"east": {"uv": [8, 6, 8.999, 8.999], "texture": "#3"},
				"south": {"uv": [8, 6, 8.999, 8.999], "texture": "#3"},
				"west": {"uv": [8, 6, 8.999, 8.999], "texture": "#3"},
				"up": {"uv": [8, 6, 8.998, 6.998], "texture": "#3"},
				"down": {"uv": [8, 8, 8.997, 8.997], "texture": "#3"}
			}
		},
		{
			"from": [6, 9, -1],
			"to": [7, 10, 0],
			"rotation": {"angle": 0, "axis": "y", "origin": [14, 11, 7]},
			"faces": {
				"north": {"uv": [8.999, 6, 9.999, 6.999], "texture": "#3"},
				"east": {"uv": [8.999, 6, 9.999, 6.999], "texture": "#3"},
				"south": {"uv": [8.999, 6, 9.999, 6.999], "texture": "#3"},
				"west": {"uv": [8.999, 6, 9.999, 6.999], "texture": "#3"},
				"up": {"uv": [8.999, 6, 9.999, 6.999], "texture": "#3"},
				"down": {"uv": [8.999, 6, 9.999, 6.999], "texture": "#3"}
			}
		},
		{
			"from": [6, 5, -1],
			"to": [7, 7, 0],
			"rotation": {"angle": 0, "axis": "y", "origin": [14, 8, 7]},
			"faces": {
				"north": {"uv": [8.999, 8.999, 9.999, 10.999], "texture": "#3"},
				"east": {"uv": [8.999, 8.999, 9.999, 10.999], "texture": "#3"},
				"south": {"uv": [8.999, 8.999, 9.999, 10.999], "texture": "#3"},
				"west": {"uv": [8.999, 8.999, 9.999, 10.999], "texture": "#3"},
				"up": {"uv": [8.998, 8.998, 9.998, 9.997], "texture": "#3"},
				"down": {"uv": [8.998, 9.998, 9.998, 10.997], "texture": "#3"}
			}
		},
		{
			"from": [4, 9, -1],
			"to": [5, 10, 0],
			"rotation": {"angle": 0, "axis": "y", "origin": [12, 11, 7]},
			"faces": {
				"north": {"uv": [10.999, 6, 11.999, 6.999], "texture": "#3"},
				"east": {"uv": [10.999, 6, 11.999, 6.999], "texture": "#3"},
				"south": {"uv": [10.999, 6, 11.999, 6.999], "texture": "#3"},
				"west": {"uv": [10.999, 6, 11.999, 6.999], "texture": "#3"},
				"up": {"uv": [10.999, 6, 11.999, 6.999], "texture": "#3"},
				"down": {"uv": [10.999, 6, 11.999, 6.999], "texture": "#3"}
			}
		},
		{
			"from": [4, 5, -1],
			"to": [5, 7, 0],
			"rotation": {"angle": 0, "axis": "y", "origin": [12, 8, 7]},
			"faces": {
				"north": {"uv": [10.999, 8.999, 11.999, 10.999], "texture": "#3"},
				"east": {"uv": [10.999, 8.999, 11.999, 10.999], "texture": "#3"},
				"south": {"uv": [10.999, 8.999, 11.999, 10.999], "texture": "#3"},
				"west": {"uv": [10.999, 8.999, 11.999, 10.999], "texture": "#3"},
				"up": {"uv": [10.999, 8.998, 11.999, 9.997], "texture": "#3"},
				"down": {"uv": [10.999, 9.998, 11.999, 10.997], "texture": "#3"}
			}
		},
		{
			"from": [5, 3, -1],
			"to": [6, 5, 0],
			"rotation": {"angle": 0, "axis": "y", "origin": [13, 6, 7]},
			"faces": {
				"north": {"uv": [9.999, 10.999, 10.999, 12.999], "texture": "#3"},
				"east": {"uv": [9.999, 10.999, 10.999, 12.999], "texture": "#3"},
				"south": {"uv": [9.999, 10.999, 10.999, 12.999], "texture": "#3"},
				"west": {"uv": [9.999, 10.999, 10.999, 12.999], "texture": "#3"},
				"up": {"uv": [9.998, 10.999, 10.998, 11.998], "texture": "#3"},
				"down": {"uv": [9.998, 11.999, 10.998, 12.998], "texture": "#3"}
			}
		},
		{
			"from": [3, 7, -1],
			"to": [4, 10, 0],
			"rotation": {"angle": 0, "axis": "y", "origin": [11, 11, 7]},
			"faces": {
				"north": {"uv": [12, 6, 13, 8.999], "texture": "#3"},
				"east": {"uv": [12, 6, 13, 8.999], "texture": "#3"},
				"south": {"uv": [12, 6, 13, 8.999], "texture": "#3"},
				"west": {"uv": [12, 6, 13, 8.999], "texture": "#3"},
				"up": {"uv": [12, 6, 13, 6.998], "texture": "#3"},
				"down": {"uv": [12, 8, 13, 8.999], "texture": "#3"}
			}
		},
		{
			"from": [3, 4, 16],
			"to": [4, 10, 17],
			"rotation": {"angle": 0, "axis": "y", "origin": [-4, 12, 9]},
			"faces": {
				"north": {"uv": [3, 6, 4, 11.999], "texture": "#3"},
				"east": {"uv": [3, 6, 4, 11.999], "texture": "#3"},
				"south": {"uv": [3, 6, 4, 11.999], "texture": "#3"},
				"west": {"uv": [3, 6, 4, 11.999], "texture": "#3"},
				"up": {"uv": [4, 6.998, 3, 6], "texture": "#3"},
				"down": {"uv": [4, 11.997, 3, 10.999], "texture": "#3"}
			}
		},
		{
			"from": [5, 4, 16],
			"to": [6, 11, 17],
			"rotation": {"angle": 0, "axis": "y", "origin": [-2, 12, 9]},
			"faces": {
				"north": {"uv": [5, 5, 6, 11.999], "texture": "#3"},
				"east": {"uv": [5, 5, 6, 11.999], "texture": "#3"},
				"south": {"uv": [5, 5, 6, 11.999], "texture": "#3"},
				"west": {"uv": [5, 5, 6, 11.999], "texture": "#3"},
				"up": {"uv": [6, 5.998, 5, 5], "texture": "#3"},
				"down": {"uv": [6, 11.997, 5, 10.999], "texture": "#3"}
			}
		},
		{
			"from": [8, 7, 16],
			"to": [9, 10, 17],
			"rotation": {"angle": 0, "axis": "y", "origin": [1, 11, 9]},
			"faces": {
				"north": {"uv": [8, 6, 8.999, 8.999], "texture": "#3"},
				"east": {"uv": [8, 6, 8.999, 8.999], "texture": "#3"},
				"south": {"uv": [8, 6, 8.999, 8.999], "texture": "#3"},
				"west": {"uv": [8, 6, 8.999, 8.999], "texture": "#3"},
				"up": {"uv": [8.998, 6.998, 8, 6], "texture": "#3"},
				"down": {"uv": [8.997, 8.997, 8, 8], "texture": "#3"}
			}
		},
		{
			"from": [9, 9, 16],
			"to": [10, 10, 17],
			"rotation": {"angle": 0, "axis": "y", "origin": [2, 11, 9]},
			"faces": {
				"north": {"uv": [8.999, 6, 9.999, 6.999], "texture": "#3"},
				"east": {"uv": [8.999, 6, 9.999, 6.999], "texture": "#3"},
				"south": {"uv": [8.999, 6, 9.999, 6.999], "texture": "#3"},
				"west": {"uv": [8.999, 6, 9.999, 6.999], "texture": "#3"},
				"up": {"uv": [9.999, 6.999, 8.999, 6], "texture": "#3"},
				"down": {"uv": [9.999, 6.999, 8.999, 6], "texture": "#3"}
			}
		},
		{
			"from": [9, 5, 16],
			"to": [10, 7, 17],
			"rotation": {"angle": 0, "axis": "y", "origin": [2, 8, 9]},
			"faces": {
				"north": {"uv": [8.999, 8.999, 9.999, 10.999], "texture": "#3"},
				"east": {"uv": [8.999, 8.999, 9.999, 10.999], "texture": "#3"},
				"south": {"uv": [8.999, 8.999, 9.999, 10.999], "texture": "#3"},
				"west": {"uv": [8.999, 8.999, 9.999, 10.999], "texture": "#3"},
				"up": {"uv": [9.998, 9.997, 8.998, 8.998], "texture": "#3"},
				"down": {"uv": [9.998, 10.997, 8.998, 9.998], "texture": "#3"}
			}
		},
		{
			"from": [11, 9, 16],
			"to": [12, 10, 17],
			"rotation": {"angle": 0, "axis": "y", "origin": [4, 11, 9]},
			"faces": {
				"north": {"uv": [10.999, 6, 11.999, 6.999], "texture": "#3"},
				"east": {"uv": [10.999, 6, 11.999, 6.999], "texture": "#3"},
				"south": {"uv": [10.999, 6, 11.999, 6.999], "texture": "#3"},
				"west": {"uv": [10.999, 6, 11.999, 6.999], "texture": "#3"},
				"up": {"uv": [11.999, 6.999, 10.999, 6], "texture": "#3"},
				"down": {"uv": [11.999, 6.999, 10.999, 6], "texture": "#3"}
			}
		},
		{
			"from": [11, 5, 16],
			"to": [12, 7, 17],
			"rotation": {"angle": 0, "axis": "y", "origin": [4, 8, 9]},
			"faces": {
				"north": {"uv": [10.999, 8.999, 11.999, 10.999], "texture": "#3"},
				"east": {"uv": [10.999, 8.999, 11.999, 10.999], "texture": "#3"},
				"south": {"uv": [10.999, 8.999, 11.999, 10.999], "texture": "#3"},
				"west": {"uv": [10.999, 8.999, 11.999, 10.999], "texture": "#3"},
				"up": {"uv": [11.999, 9.997, 10.999, 8.998], "texture": "#3"},
				"down": {"uv": [11.999, 10.997, 10.999, 9.998], "texture": "#3"}
			}
		},
		{
			"from": [10, 3, 16],
			"to": [11, 5, 17],
			"rotation": {"angle": 0, "axis": "y", "origin": [3, 6, 9]},
			"faces": {
				"north": {"uv": [9.999, 10.999, 10.999, 12.999], "texture": "#3"},
				"east": {"uv": [9.999, 10.999, 10.999, 12.999], "texture": "#3"},
				"south": {"uv": [9.999, 10.999, 10.999, 12.999], "texture": "#3"},
				"west": {"uv": [9.999, 10.999, 10.999, 12.999], "texture": "#3"},
				"up": {"uv": [10.998, 11.998, 9.998, 10.999], "texture": "#3"},
				"down": {"uv": [10.998, 12.998, 9.998, 11.999], "texture": "#3"}
			}
		},
		{
			"from": [12, 7, 16],
			"to": [13, 10, 17],
			"rotation": {"angle": 0, "axis": "y", "origin": [5, 11, 9]},
			"faces": {
				"north": {"uv": [12, 6, 13, 8.999], "texture": "#3"},
				"east": {"uv": [12, 6, 13, 8.999], "texture": "#3"},
				"south": {"uv": [12, 6, 13, 8.999], "texture": "#3"},
				"west": {"uv": [12, 6, 13, 8.999], "texture": "#3"},
				"up": {"uv": [13, 6.998, 12, 6], "texture": "#3"},
				"down": {"uv": [13, 8.999, 12, 8], "texture": "#3"}
			}
		},
		{
			"from": [4, 16.25, 4],
			"to": [12, 16.25, 12],
			"rotation": {"angle": 0, "axis": "y", "origin": [12, 23.25, 12]},
			"faces": {
				"north": {"uv": [0, 0, 8, 0], "texture": "#2"},
				"east": {"uv": [0, 0, 8, 0], "texture": "#2"},
				"south": {"uv": [0, 0, 8, 0], "texture": "#2"},
				"west": {"uv": [0, 0, 8, 0], "texture": "#2"},
				"up": {"uv": [4, 4, 11.999, 11.999], "texture": "#2"},
				"down": {"uv": [0, 0, 0, 0], "texture": "#2"}
			}
		},
		{
			"from": [3, 16, 3],
			"to": [4, 17, 13],
			"rotation": {"angle": 0, "axis": "y", "origin": [11, 24, 11]},
			"faces": {
				"north": {"uv": [12, 3, 13, 4], "texture": "#0"},
				"east": {"uv": [3, 3, 4, 13], "rotation": 90, "texture": "#0"},
				"south": {"uv": [3, 12, 4, 13], "texture": "#0"},
				"west": {"uv": [3, 3, 4, 13], "rotation": 270, "texture": "#0"},
				"up": {"uv": [3, 3, 4, 13], "texture": "#0"},
				"down": {"uv": [0, 0, 0, 0], "texture": "#0"}
			}
		},
		{
			"from": [6, 15.975, 3.025],
			"to": [7, 16.975, 12.975],
			"rotation": {"angle": 0, "axis": "y", "origin": [14, 23.975, 11.025]},
			"faces": {
				"north": {"uv": [12, 3, 13, 4], "texture": "#0"},
				"east": {"uv": [6, 3, 7, 13], "rotation": 90, "texture": "#0"},
				"south": {"uv": [3, 12, 4, 13], "texture": "#0"},
				"west": {"uv": [6, 3, 7, 13], "rotation": 270, "texture": "#0"},
				"up": {"uv": [6, 3, 7, 13], "texture": "#0"},
				"down": {"uv": [0, 0, 0, 0], "texture": "#0"}
			}
		},
		{
			"from": [9, 15.975, 3.025],
			"to": [10, 16.975, 12.975],
			"rotation": {"angle": 0, "axis": "y", "origin": [17, 23.975, 11.025]},
			"faces": {
				"north": {"uv": [12, 3, 13, 4], "texture": "#0"},
				"east": {"uv": [9, 3, 10, 13], "rotation": 90, "texture": "#0"},
				"south": {"uv": [3, 12, 4, 13], "texture": "#0"},
				"west": {"uv": [9, 3, 10, 13], "rotation": 270, "texture": "#0"},
				"up": {"uv": [9, 3, 10, 13], "texture": "#0"},
				"down": {"uv": [0, 0, 0, 0], "texture": "#0"}
			}
		},
		{
			"from": [12, 16, 3],
			"to": [13, 17, 13],
			"rotation": {"angle": 0, "axis": "y", "origin": [20, 24, 11]},
			"faces": {
				"north": {"uv": [12, 3, 13, 4], "texture": "#0"},
				"east": {"uv": [12, 3, 13, 13], "rotation": 90, "texture": "#0"},
				"south": {"uv": [3, 12, 4, 13], "texture": "#0"},
				"west": {"uv": [12, 3, 13, 13], "rotation": 270, "texture": "#0"},
				"up": {"uv": [12, 3, 13, 13], "texture": "#0"},
				"down": {"uv": [0, 0, 0, 0], "texture": "#0"}
			}
		},
		{
			"from": [4, 16, 12],
			"to": [12, 17, 13],
			"rotation": {"angle": 0, "axis": "y", "origin": [8, 8, 17]},
			"faces": {
				"north": {"uv": [4, 12, 12, 13], "rotation": 180, "texture": "#0"},
				"east": {"uv": [4, 12, 12, 13], "texture": "#0"},
				"south": {"uv": [4, 12, 12, 13], "texture": "#0"},
				"west": {"uv": [4, 12, 12, 13], "texture": "#0"},
				"up": {"uv": [4, 12, 12, 13], "texture": "#0"},
				"down": {"uv": [0, 0, 0, 0], "texture": "#0"}
			}
		},
		{
			"from": [4, 16, 9],
			"to": [12, 17, 10],
			"rotation": {"angle": 0, "axis": "y", "origin": [8, 8, 14]},
			"faces": {
				"north": {"uv": [4, 9, 12, 10], "rotation": 180, "texture": "#0"},
				"east": {"uv": [4, 9, 12, 10], "texture": "#0"},
				"south": {"uv": [4, 9, 12, 10], "texture": "#0"},
				"west": {"uv": [4, 9, 12, 10], "texture": "#0"},
				"up": {"uv": [4, 9, 12, 10], "texture": "#0"},
				"down": {"uv": [0, 0, 0, 0], "texture": "#0"}
			}
		},
		{
			"from": [4, 16, 6],
			"to": [12, 17, 7],
			"rotation": {"angle": 0, "axis": "y", "origin": [8, 8, 11]},
			"faces": {
				"north": {"uv": [4, 6, 12, 7], "rotation": 180, "texture": "#0"},
				"east": {"uv": [4, 6, 12, 7], "texture": "#0"},
				"south": {"uv": [4, 6, 12, 7], "texture": "#0"},
				"west": {"uv": [4, 6, 12, 7], "texture": "#0"},
				"up": {"uv": [4, 6, 12, 7], "texture": "#0"},
				"down": {"uv": [0, 0, 0, 0], "texture": "#0"}
			}
		},
		{
			"from": [4, 16, 3],
			"to": [12, 17, 4],
			"faces": {
				"north": {"uv": [4, 3, 12, 4], "rotation": 180, "texture": "#0"},
				"east": {"uv": [4, 3, 12, 4], "texture": "#0"},
				"south": {"uv": [4, 3, 12, 4], "texture": "#0"},
				"west": {"uv": [4, 3, 12, 4], "texture": "#0"},
				"up": {"uv": [4, 3, 12, 4], "texture": "#0"},
				"down": {"uv": [0, 0, 0, 0], "texture": "#0"}
			}
		}
	],
	"display": {
		"thirdperson_righthand": {
			"rotation": [75, 45, 0],
			"translation": [0, 2.5, 0],
			"scale": [0.375, 0.375, 0.375]
		},
		"firstperson_righthand": {
			"rotation": [0, 45, 0],
			"scale": [0.4, 0.4, 0.4]
		},
		"firstperson_lefthand": {
			"rotation": [0, 225, 0],
			"scale": [0.4, 0.4, 0.4]
		},
		"ground": {
			"translation": [0, 3, 0],
			"scale": [0.25, 0.25, 0.25]
		},
		"gui": {
			"rotation": [30, 225, 0],
			"scale": [0.625, 0.625, 0.625]
		},
		"fixed": {
			"rotation": [-90, 0, 0],
			"translation": [0, 0, 16],
			"scale": [2.00156, 2.00156, 2.00156]
		}
	},
	"groups": [0,
		{
			"name": "hammer",
			"origin": [9, 17, 16],
			"children": [1, 2, 3, 4]
		},
		{
			"name": "group",
			"origin": [11, 11, 7],
			"children": [5, 6, 7, 8, 9, 10, 11, 12, 13]
		},
		{
			"name": "group",
			"origin": [11, 11, 7],
			"children": [14, 15, 16, 17, 18, 19, 20, 21, 22]
		},
		{
			"name": "grid",
			"origin": [8, 8, 8],
			"children": [
				{
					"name": "grid",
					"origin": [8, 8, 8],
					"children": [23, 24, 25, 26, 27, 28, 29, 30, 31]
				}
			]
		}
	]
}