{
	"credit": "Made with Blockbench",
	"textures": {
		"0": "crafter/totem_crafter/crafting_table_front",
		"1": "crafter/totem_crafter/dark_oak_planks",
		"2": "crafter/totem_crafter/crafting_table_top_inner",
		"3": "crafter/totem_crafter/crafting_table_back",
		"4": "crafter/totem_crafter/crafting_table_side",
		"5": "crafter/totem_crafter/crafting_table_side2",
		"6": "crafter/totem_crafter/crafting_table_top",
		"particle": "crafter/totem_crafter/crafting_table_front"
	},
	"elements": [
		{
			"from": [0, 0, 0],
			"to": [16, 16, 16],
			"faces": {
				"north": {"uv": [0, 0, 16, 16], "texture": "#0"},
				"east": {"uv": [0, 0, 16, 16], "texture": "#4"},
				"south": {"uv": [0, 0, 16, 16], "texture": "#3"},
				"west": {"uv": [0, 0, 16, 16], "texture": "#5"},
				"up": {"uv": [0, 0, 16, 16], "texture": "#6"},
				"down": {"uv": [0, 0, 16, 16], "texture": "#1"}
			}
		},
		{
			"from": [5, 2, -1],
			"to": [11, 16, 0],
			"rotation": {"angle": 0, "axis": "y", "origin": [18, 10, 7]},
			"faces": {
				"north": {"uv": [5, 0, 10.999, 14], "texture": "#0"},
				"east": {"uv": [5, 0, 5.998, 14], "texture": "#0"},
				"south": {"uv": [5, 0, 10.999, 14], "texture": "#0"},
				"west": {"uv": [9.999, 0, 10.997, 14], "texture": "#0"},
				"up": {"uv": [5, 0, 10.997, 0.999], "texture": "#0"},
				"down": {"uv": [5, 13, 10.996, 13.999], "texture": "#0"}
			}
		},
		{
			"from": [6, 1, -1],
			"to": [10, 2, 0],
			"rotation": {"angle": 0, "axis": "y", "origin": [18, 9, 7]},
			"faces": {
				"north": {"uv": [6, 14, 9.999, 15], "texture": "#0"},
				"east": {"uv": [6, 14, 6.998, 15], "texture": "#0"},
				"south": {"uv": [6, 14, 9.999, 15], "texture": "#0"},
				"west": {"uv": [8.999, 14, 9.997, 15], "texture": "#0"},
				"up": {"uv": [6, 14, 9.999, 15], "texture": "#0"},
				"down": {"uv": [6, 14, 9.999, 15], "texture": "#0"}
			}
		},
		{
			"from": [11, 4, -1],
			"to": [12, 15, 0],
			"rotation": {"angle": 0, "axis": "y", "origin": [19, 9, 7]},
			"faces": {
				"north": {"uv": [4, 1, 5, 11.999], "texture": "#0"},
				"east": {"uv": [4, 1, 5, 11.999], "texture": "#0"},
				"south": {"uv": [4, 1, 5, 11.999], "texture": "#0"},
				"west": {"uv": [4, 1, 5, 11.999], "texture": "#0"},
				"up": {"uv": [4, 1, 5, 1.999], "texture": "#0"},
				"down": {"uv": [4, 10.999, 5, 11.998], "texture": "#0"}
			}
		},
		{
			"from": [4, 4, -1],
			"to": [5, 15, 0],
			"rotation": {"angle": 0, "axis": "y", "origin": [12, 9, 7]},
			"faces": {
				"north": {"uv": [10.999, 1, 11.999, 11.999], "texture": "#0"},
				"east": {"uv": [10.999, 1, 11.999, 11.999], "texture": "#0"},
				"south": {"uv": [10.999, 1, 11.999, 11.999], "texture": "#0"},
				"west": {"uv": [10.999, 1, 11.999, 11.999], "texture": "#0"},
				"up": {"uv": [10.999, 1, 11.999, 1.999], "texture": "#0"},
				"down": {"uv": [10.999, 10.999, 11.999, 11.998], "texture": "#0"}
			}
		},
		{
			"from": [12, 7, -1],
			"to": [15, 9, 0],
			"rotation": {"angle": 0, "axis": "y", "origin": [20, 9, 7]},
			"faces": {
				"north": {"uv": [1, 7, 4, 8.999], "texture": "#0"},
				"east": {"uv": [1, 7, 1.999, 8.998], "texture": "#0"},
				"south": {"uv": [1, 7, 4, 8.999], "texture": "#0"},
				"west": {"uv": [2.999, 7, 3.999, 8.998], "texture": "#0"},
				"up": {"uv": [1, 7, 4, 7.997], "texture": "#0"},
				"down": {"uv": [1, 7.998, 4, 8.998], "rotation": 180, "texture": "#0"}
			}
		},
		{
			"from": [1, 7, -1],
			"to": [4, 9, 0],
			"rotation": {"angle": 0, "axis": "y", "origin": [-4, 9, 7]},
			"faces": {
				"north": {"uv": [15, 7, 12, 8.999], "texture": "#0"},
				"east": {"uv": [12.999, 7, 12, 8.998], "texture": "#0"},
				"south": {"uv": [15, 7, 12, 8.999], "texture": "#0"},
				"west": {"uv": [14.999, 7, 13.999, 8.998], "texture": "#0"},
				"up": {"uv": [15, 7, 12, 7.997], "texture": "#0"},
				"down": {"uv": [15, 7.998, 12, 8.998], "texture": "#0"}
			}
		},
		{
			"from": [12, 6, -1],
			"to": [14, 7, 0],
			"rotation": {"angle": 0, "axis": "y", "origin": [20, 8, 7]},
			"faces": {
				"north": {"uv": [2, 8.999, 4, 9.999], "texture": "#0"},
				"east": {"uv": [2, 8.998, 2.999, 9.998], "texture": "#0"},
				"south": {"uv": [2, 8.999, 4, 9.999], "texture": "#0"},
				"west": {"uv": [3, 8.998, 3.999, 9.998], "texture": "#0"},
				"up": {"uv": [2, 8.999, 4, 9.999], "texture": "#0"},
				"down": {"uv": [2, 8.999, 4, 9.999], "texture": "#0"}
			}
		},
		{
			"from": [2, 6, -1],
			"to": [4, 7, 0],
			"rotation": {"angle": 0, "axis": "y", "origin": [-4, 8, 7]},
			"faces": {
				"north": {"uv": [14, 8.999, 12, 9.999], "texture": "#0"},
				"east": {"uv": [12.999, 8.998, 12, 9.998], "texture": "#0"},
				"south": {"uv": [14, 8.999, 12, 9.999], "texture": "#0"},
				"west": {"uv": [13.999, 8.998, 12.999, 9.998], "texture": "#0"},
				"up": {"uv": [14, 8.999, 12, 9.999], "texture": "#0"},
				"down": {"uv": [14, 8.999, 12, 9.999], "texture": "#0"}
			}
		},
		{
			"from": [5, 2, 16],
			"to": [11, 16, 17],
			"rotation": {"angle": 0, "axis": "y", "origin": [18, 10, 24]},
			"faces": {
				"north": {"uv": [5, 0, 10.999, 14], "texture": "#3"},
				"east": {"uv": [5, 0, 5.998, 14], "texture": "#3"},
				"south": {"uv": [5, 0, 10.999, 14], "texture": "#3"},
				"west": {"uv": [9.999, 0, 10.997, 14], "texture": "#3"},
				"up": {"uv": [5, 0, 10.997, 0.999], "texture": "#3"},
				"down": {"uv": [5, 13, 10.996, 13.999], "texture": "#3"}
			}
		},
		{
			"from": [6, 1, 16],
			"to": [10, 2, 17],
			"rotation": {"angle": 0, "axis": "y", "origin": [18, 9, 24]},
			"faces": {
				"north": {"uv": [6, 14, 9.999, 15], "texture": "#3"},
				"east": {"uv": [6, 14, 6.998, 15], "texture": "#3"},
				"south": {"uv": [6, 14, 9.999, 15], "texture": "#3"},
				"west": {"uv": [8.999, 14, 9.997, 15], "texture": "#3"},
				"up": {"uv": [6, 14, 9.999, 15], "texture": "#3"},
				"down": {"uv": [6, 14, 9.999, 15], "texture": "#3"}
			}
		},
		{
			"from": [11, 4, 16],
			"to": [12, 15, 17],
			"rotation": {"angle": 0, "axis": "y", "origin": [19, 9, 24]},
			"faces": {
				"north": {"uv": [4, 1, 5, 11.999], "texture": "#3"},
				"east": {"uv": [4, 1, 5, 11.999], "texture": "#3"},
				"south": {"uv": [4, 1, 5, 11.999], "texture": "#3"},
				"west": {"uv": [4, 1, 5, 11.999], "texture": "#3"},
				"up": {"uv": [4, 1, 5, 1.999], "texture": "#3"},
				"down": {"uv": [4, 10.999, 5, 11.998], "texture": "#3"}
			}
		},
		{
			"from": [4, 4, 16],
			"to": [5, 15, 17],
			"rotation": {"angle": 0, "axis": "y", "origin": [12, 9, 24]},
			"faces": {
				"north": {"uv": [10.999, 1, 11.999, 11.999], "texture": "#3"},
				"east": {"uv": [10.999, 1, 11.999, 11.999], "texture": "#3"},
				"south": {"uv": [10.999, 1, 11.999, 11.999], "texture": "#3"},
				"west": {"uv": [10.999, 1, 11.999, 11.999], "texture": "#3"},
				"up": {"uv": [10.999, 1, 11.999, 1.999], "texture": "#3"},
				"down": {"uv": [10.999, 10.999, 11.999, 11.998], "texture": "#3"}
			}
		},
		{
			"from": [12, 7, 16],
			"to": [15, 9, 17],
			"rotation": {"angle": 0, "axis": "y", "origin": [20, 9, 24]},
			"faces": {
				"north": {"uv": [1, 7, 4, 8.999], "texture": "#3"},
				"east": {"uv": [1, 7, 1.999, 8.998], "texture": "#3"},
				"south": {"uv": [1, 7, 4, 8.999], "texture": "#3"},
				"west": {"uv": [2.999, 7, 3.999, 8.998], "texture": "#3"},
				"up": {"uv": [1, 7, 4, 7.997], "texture": "#3"},
				"down": {"uv": [1, 7.998, 4, 8.998], "rotation": 180, "texture": "#3"}
			}
		},
		{
			"from": [1, 7, 16],
			"to": [4, 9, 17],
			"rotation": {"angle": 0, "axis": "y", "origin": [-4, 9, 24]},
			"faces": {
				"north": {"uv": [15, 7, 12, 8.999], "texture": "#3"},
				"east": {"uv": [12.999, 7, 12, 8.998], "texture": "#3"},
				"south": {"uv": [15, 7, 12, 8.999], "texture": "#3"},
				"west": {"uv": [14.999, 7, 13.999, 8.998], "texture": "#3"},
				"up": {"uv": [15, 7, 12, 7.997], "texture": "#3"},
				"down": {"uv": [15, 7.998, 12, 8.998], "texture": "#3"}
			}
		},
		{
			"from": [12, 6, 16],
			"to": [14, 7, 17],
			"rotation": {"angle": 0, "axis": "y", "origin": [20, 8, 24]},
			"faces": {
				"north": {"uv": [2, 8.999, 4, 9.999], "texture": "#3"},
				"east": {"uv": [2, 8.998, 2.999, 9.998], "texture": "#3"},
				"south": {"uv": [2, 8.999, 4, 9.999], "texture": "#3"},
				"west": {"uv": [3, 8.998, 3.999, 9.998], "texture": "#3"},
				"up": {"uv": [2, 8.999, 4, 9.999], "texture": "#3"},
				"down": {"uv": [2, 8.999, 4, 9.999], "texture": "#3"}
			}
		},
		{
			"from": [2, 6, 16],
			"to": [4, 7, 17],
			"rotation": {"angle": 0, "axis": "y", "origin": [-4, 8, 24]},
			"faces": {
				"north": {"uv": [14, 8.999, 12, 9.999], "texture": "#3"},
				"east": {"uv": [12.999, 8.998, 12, 9.998], "texture": "#3"},
				"south": {"uv": [14, 8.999, 12, 9.999], "texture": "#3"},
				"west": {"uv": [13.999, 8.998, 12.999, 9.998], "texture": "#3"},
				"up": {"uv": [14, 8.999, 12, 9.999], "texture": "#3"},
				"down": {"uv": [14, 8.999, 12, 9.999], "texture": "#3"}
			}
		},
		{
			"from": [16, 2, 5],
			"to": [17, 16, 11],
			"rotation": {"angle": 0, "axis": "y", "origin": [16.5, 7.3125, 8]},
			"faces": {
				"north": {"uv": [9.999, 0, 10.997, 14], "texture": "#4"},
				"east": {"uv": [5, 0, 10.999, 14], "texture": "#4"},
				"south": {"uv": [5, 0, 5.998, 14], "texture": "#4"},
				"west": {"uv": [5, 0, 10.999, 14], "texture": "#4"},
				"up": {"uv": [5, 0, 10.997, 0.999], "rotation": 90, "texture": "#4"},
				"down": {"uv": [5, 13, 10.996, 13.999], "rotation": 270, "texture": "#4"}
			}
		},
		{
			"from": [16, 1, 6],
			"to": [17, 2, 10],
			"rotation": {"angle": 0, "axis": "y", "origin": [16.5, 7.3125, 8]},
			"faces": {
				"north": {"uv": [8.999, 14, 9.997, 15], "texture": "#4"},
				"east": {"uv": [6, 14, 9.999, 15], "texture": "#4"},
				"south": {"uv": [6, 14, 6.998, 15], "texture": "#4"},
				"west": {"uv": [6, 14, 9.999, 15], "texture": "#4"},
				"up": {"uv": [6, 14, 9.999, 15], "rotation": 90, "texture": "#4"},
				"down": {"uv": [6, 14, 9.999, 15], "rotation": 270, "texture": "#4"}
			}
		},
		{
			"from": [16, 4, 11],
			"to": [17, 15, 12],
			"rotation": {"angle": 0, "axis": "y", "origin": [16.5, 7.3125, 8]},
			"faces": {
				"north": {"uv": [4, 1, 5, 11.999], "texture": "#4"},
				"east": {"uv": [4, 1, 5, 11.999], "texture": "#4"},
				"south": {"uv": [4, 1, 5, 11.999], "texture": "#4"},
				"west": {"uv": [4, 1, 5, 11.999], "texture": "#4"},
				"up": {"uv": [4, 1, 5, 1.999], "rotation": 90, "texture": "#4"},
				"down": {"uv": [4, 10.999, 5, 11.998], "rotation": 270, "texture": "#4"}
			}
		},
		{
			"from": [16, 4, 4],
			"to": [17, 15, 5],
			"rotation": {"angle": 0, "axis": "y", "origin": [16.5, 7.3125, 8]},
			"faces": {
				"north": {"uv": [10.999, 1, 11.999, 11.999], "texture": "#4"},
				"east": {"uv": [10.999, 1, 11.999, 11.999], "texture": "#4"},
				"south": {"uv": [10.999, 1, 11.999, 11.999], "texture": "#4"},
				"west": {"uv": [10.999, 1, 11.999, 11.999], "texture": "#4"},
				"up": {"uv": [10.999, 1, 11.999, 1.999], "rotation": 90, "texture": "#4"},
				"down": {"uv": [10.999, 10.999, 11.999, 11.998], "rotation": 270, "texture": "#4"}
			}
		},
		{
			"from": [16, 7, 12],
			"to": [17, 9, 15],
			"rotation": {"angle": 0, "axis": "y", "origin": [16.5, 7.3125, 8]},
			"faces": {
				"north": {"uv": [2.999, 7, 3.999, 8.998], "texture": "#4"},
				"east": {"uv": [1, 7, 4, 8.999], "texture": "#4"},
				"south": {"uv": [1, 7, 1.999, 8.998], "texture": "#4"},
				"west": {"uv": [1, 7, 4, 8.999], "texture": "#4"},
				"up": {"uv": [1, 7, 4, 7.997], "rotation": 90, "texture": "#4"},
				"down": {"uv": [1, 7.998, 4, 8.998], "rotation": 90, "texture": "#4"}
			}
		},
		{
			"from": [16, 7, 1],
			"to": [17, 9, 4],
			"rotation": {"angle": 0, "axis": "y", "origin": [16.5, 7.3125, 8]},
			"faces": {
				"north": {"uv": [14.999, 7, 13.999, 8.998], "texture": "#4"},
				"east": {"uv": [15, 7, 12, 8.999], "texture": "#4"},
				"south": {"uv": [12.999, 7, 12, 8.998], "texture": "#4"},
				"west": {"uv": [15, 7, 12, 8.999], "texture": "#4"},
				"up": {"uv": [15, 7, 12, 7.997], "rotation": 90, "texture": "#4"},
				"down": {"uv": [15, 7.998, 12, 8.998], "rotation": 270, "texture": "#4"}
			}
		},
		{
			"from": [16, 6, 12],
			"to": [17, 7, 14],
			"rotation": {"angle": 0, "axis": "y", "origin": [16.5, 7.3125, 8]},
			"faces": {
				"north": {"uv": [3, 8.998, 3.999, 9.998], "texture": "#4"},
				"east": {"uv": [2, 8.999, 4, 9.999], "texture": "#4"},
				"south": {"uv": [2, 8.998, 2.999, 9.998], "texture": "#4"},
				"west": {"uv": [2, 8.999, 4, 9.999], "texture": "#4"},
				"up": {"uv": [2, 8.999, 4, 9.999], "rotation": 90, "texture": "#4"},
				"down": {"uv": [2, 8.999, 4, 9.999], "rotation": 270, "texture": "#4"}
			}
		},
		{
			"from": [16, 6, 2],
			"to": [17, 7, 4],
			"rotation": {"angle": 0, "axis": "y", "origin": [16.5, 7.3125, 8]},
			"faces": {
				"north": {"uv": [13.999, 8.998, 12.999, 9.998], "texture": "#4"},
				"east": {"uv": [14, 8.999, 12, 9.999], "texture": "#4"},
				"south": {"uv": [12.999, 8.998, 12, 9.998], "texture": "#4"},
				"west": {"uv": [14, 8.999, 12, 9.999], "texture": "#4"},
				"up": {"uv": [14, 8.999, 12, 9.999], "rotation": 90, "texture": "#4"},
				"down": {"uv": [14, 8.999, 12, 9.999], "rotation": 270, "texture": "#4"}
			}
		},
		{
			"from": [-1, 2, 5],
			"to": [0, 16, 11],
			"rotation": {"angle": 0, "axis": "y", "origin": [-8, 10, 18]},
			"faces": {
				"north": {"uv": [9.999, 0, 10.997, 14], "texture": "#5"},
				"east": {"uv": [5, 0, 10.999, 14], "texture": "#5"},
				"south": {"uv": [5, 0, 5.998, 14], "texture": "#5"},
				"west": {"uv": [5, 0, 10.999, 14], "texture": "#5"},
				"up": {"uv": [5, 0, 10.997, 0.999], "rotation": 90, "texture": "#5"},
				"down": {"uv": [5, 13, 10.996, 13.999], "rotation": 270, "texture": "#5"}
			}
		},
		{
			"from": [-1, 1, 6],
			"to": [0, 2, 10],
			"rotation": {"angle": 0, "axis": "y", "origin": [-8, 9, 18]},
			"faces": {
				"north": {"uv": [8.999, 14, 9.997, 15], "texture": "#5"},
				"east": {"uv": [6, 14, 9.999, 15], "texture": "#5"},
				"south": {"uv": [6, 14, 6.998, 15], "texture": "#5"},
				"west": {"uv": [6, 14, 9.999, 15], "texture": "#5"},
				"up": {"uv": [6, 14, 9.999, 15], "rotation": 90, "texture": "#5"},
				"down": {"uv": [6, 14, 9.999, 15], "rotation": 270, "texture": "#5"}
			}
		},
		{
			"from": [-1, 4, 11],
			"to": [0, 15, 12],
			"rotation": {"angle": 0, "axis": "y", "origin": [-8, 9, 19]},
			"faces": {
				"north": {"uv": [4, 1, 5, 11.999], "texture": "#5"},
				"east": {"uv": [4, 1, 5, 11.999], "texture": "#5"},
				"south": {"uv": [4, 1, 5, 11.999], "texture": "#5"},
				"west": {"uv": [4, 1, 5, 11.999], "texture": "#5"},
				"up": {"uv": [4, 1, 5, 1.999], "rotation": 90, "texture": "#5"},
				"down": {"uv": [4, 10.999, 5, 11.998], "rotation": 270, "texture": "#5"}
			}
		},
		{
			"from": [-1, 4, 4],
			"to": [0, 15, 5],
			"rotation": {"angle": 0, "axis": "y", "origin": [-8, 9, 12]},
			"faces": {
				"north": {"uv": [10.999, 1, 11.999, 11.999], "texture": "#5"},
				"east": {"uv": [10.999, 1, 11.999, 11.999], "texture": "#5"},
				"south": {"uv": [10.999, 1, 11.999, 11.999], "texture": "#5"},
				"west": {"uv": [10.999, 1, 11.999, 11.999], "texture": "#5"},
				"up": {"uv": [10.999, 1, 11.999, 1.999], "rotation": 90, "texture": "#5"},
				"down": {"uv": [10.999, 10.999, 11.999, 11.998], "rotation": 270, "texture": "#5"}
			}
		},
		{
			"from": [-1, 7, 12],
			"to": [0, 9, 15],
			"rotation": {"angle": 0, "axis": "y", "origin": [-8, 9, 20]},
			"faces": {
				"north": {"uv": [2.999, 7, 3.999, 8.998], "texture": "#5"},
				"east": {"uv": [1, 7, 4, 8.999], "texture": "#5"},
				"south": {"uv": [1, 7, 1.999, 8.998], "texture": "#5"},
				"west": {"uv": [1, 7, 4, 8.999], "texture": "#5"},
				"up": {"uv": [1, 7, 4, 7.997], "rotation": 90, "texture": "#5"},
				"down": {"uv": [1, 7.998, 4, 8.998], "rotation": 90, "texture": "#5"}
			}
		},
		{
			"from": [-1, 7, 1],
			"to": [0, 9, 4],
			"rotation": {"angle": 0, "axis": "y", "origin": [-8, 9, -4]},
			"faces": {
				"north": {"uv": [14.999, 7, 13.999, 8.998], "texture": "#5"},
				"east": {"uv": [15, 7, 12, 8.999], "texture": "#5"},
				"south": {"uv": [12.999, 7, 12, 8.998], "texture": "#5"},
				"west": {"uv": [15, 7, 12, 8.999], "texture": "#5"},
				"up": {"uv": [15, 7, 12, 7.997], "rotation": 90, "texture": "#5"},
				"down": {"uv": [15, 7.998, 12, 8.998], "rotation": 270, "texture": "#5"}
			}
		},
		{
			"from": [-1, 6, 12],
			"to": [0, 7, 14],
			"rotation": {"angle": 0, "axis": "y", "origin": [-8, 8, 20]},
			"faces": {
				"north": {"uv": [3, 8.998, 3.999, 9.998], "texture": "#5"},
				"east": {"uv": [2, 8.999, 4, 9.999], "texture": "#5"},
				"south": {"uv": [2, 8.998, 2.999, 9.998], "texture": "#5"},
				"west": {"uv": [2, 8.999, 4, 9.999], "texture": "#5"},
				"up": {"uv": [2, 8.999, 4, 9.999], "rotation": 90, "texture": "#5"},
				"down": {"uv": [2, 8.999, 4, 9.999], "rotation": 270, "texture": "#5"}
			}
		},
		{
			"from": [-1, 6, 2],
			"to": [0, 7, 4],
			"rotation": {"angle": 0, "axis": "y", "origin": [-8, 8, -4]},
			"faces": {
				"north": {"uv": [13.999, 8.998, 12.999, 9.998], "texture": "#5"},
				"east": {"uv": [14, 8.999, 12, 9.999], "texture": "#5"},
				"south": {"uv": [12.999, 8.998, 12, 9.998], "texture": "#5"},
				"west": {"uv": [14, 8.999, 12, 9.999], "texture": "#5"},
				"up": {"uv": [14, 8.999, 12, 9.999], "rotation": 90, "texture": "#5"},
				"down": {"uv": [14, 8.999, 12, 9.999], "rotation": 270, "texture": "#5"}
			}
		},
		{
			"from": [4, 16.25, 4],
			"to": [12, 16.25, 12],
			"rotation": {"angle": 0, "axis": "y", "origin": [12, 23.25, 12]},
			"faces": {
				"north": {"uv": [0, 0, 8, 0], "texture": "#2"},
				"east": {"uv": [0, 0, 8, 0], "texture": "#2"},
				"south": {"uv": [0, 0, 8, 0], "texture": "#2"},
				"west": {"uv": [0, 0, 8, 0], "texture": "#2"},
				"up": {"uv": [4, 4, 11.999, 11.999], "texture": "#2"},
				"down": {"uv": [0, 0, 0, 0], "texture": "#2"}
			}
		},
		{
			"from": [3, 16, 3],
			"to": [4, 17, 13],
			"rotation": {"angle": 0, "axis": "y", "origin": [11, 24, 11]},
			"faces": {
				"north": {"uv": [12, 3, 13, 4], "texture": "#6"},
				"east": {"uv": [3, 3, 4, 13], "rotation": 90, "texture": "#6"},
				"south": {"uv": [3, 12, 4, 13], "texture": "#6"},
				"west": {"uv": [3, 3, 4, 13], "rotation": 270, "texture": "#6"},
				"up": {"uv": [3, 3, 4, 13], "texture": "#6"},
				"down": {"uv": [0, 0, 0, 0], "texture": "#6"}
			}
		},
		{
			"from": [6, 15.975, 3.025],
			"to": [7, 16.975, 12.975],
			"rotation": {"angle": 0, "axis": "y", "origin": [14, 23.975, 11.025]},
			"faces": {
				"north": {"uv": [12, 3, 13, 4], "texture": "#6"},
				"east": {"uv": [6, 3, 7, 13], "rotation": 90, "texture": "#6"},
				"south": {"uv": [3, 12, 4, 13], "texture": "#6"},
				"west": {"uv": [6, 3, 7, 13], "rotation": 270, "texture": "#6"},
				"up": {"uv": [6, 3, 7, 13], "texture": "#6"},
				"down": {"uv": [0, 0, 0, 0], "texture": "#6"}
			}
		},
		{
			"from": [9, 15.975, 3.025],
			"to": [10, 16.975, 12.975],
			"rotation": {"angle": 0, "axis": "y", "origin": [17, 23.975, 11.025]},
			"faces": {
				"north": {"uv": [12, 3, 13, 4], "texture": "#6"},
				"east": {"uv": [9, 3, 10, 13], "rotation": 90, "texture": "#6"},
				"south": {"uv": [3, 12, 4, 13], "texture": "#6"},
				"west": {"uv": [9, 3, 10, 13], "rotation": 270, "texture": "#6"},
				"up": {"uv": [9, 3, 10, 13], "texture": "#6"},
				"down": {"uv": [0, 0, 0, 0], "texture": "#6"}
			}
		},
		{
			"from": [12, 16, 3],
			"to": [13, 17, 13],
			"rotation": {"angle": 0, "axis": "y", "origin": [20, 24, 11]},
			"faces": {
				"north": {"uv": [12, 3, 13, 4], "texture": "#6"},
				"east": {"uv": [12, 3, 13, 13], "rotation": 90, "texture": "#6"},
				"south": {"uv": [3, 12, 4, 13], "texture": "#6"},
				"west": {"uv": [12, 3, 13, 13], "rotation": 270, "texture": "#6"},
				"up": {"uv": [12, 3, 13, 13], "texture": "#6"},
				"down": {"uv": [0, 0, 0, 0], "texture": "#6"}
			}
		},
		{
			"from": [4, 16, 12],
			"to": [12, 17, 13],
			"rotation": {"angle": 0, "axis": "y", "origin": [8, 8, 17]},
			"faces": {
				"north": {"uv": [4, 12, 12, 13], "rotation": 180, "texture": "#6"},
				"east": {"uv": [4, 12, 12, 13], "texture": "#6"},
				"south": {"uv": [4, 12, 12, 13], "texture": "#6"},
				"west": {"uv": [4, 12, 12, 13], "texture": "#6"},
				"up": {"uv": [4, 12, 12, 13], "texture": "#6"},
				"down": {"uv": [0, 0, 0, 0], "texture": "#6"}
			}
		},
		{
			"from": [4, 16, 9],
			"to": [12, 17, 10],
			"rotation": {"angle": 0, "axis": "y", "origin": [8, 8, 14]},
			"faces": {
				"north": {"uv": [4, 9, 12, 10], "rotation": 180, "texture": "#6"},
				"east": {"uv": [4, 9, 12, 10], "texture": "#6"},
				"south": {"uv": [4, 9, 12, 10], "texture": "#6"},
				"west": {"uv": [4, 9, 12, 10], "texture": "#6"},
				"up": {"uv": [4, 9, 12, 10], "texture": "#6"},
				"down": {"uv": [0, 0, 0, 0], "texture": "#6"}
			}
		},
		{
			"from": [4, 16, 6],
			"to": [12, 17, 7],
			"rotation": {"angle": 0, "axis": "y", "origin": [8, 8, 11]},
			"faces": {
				"north": {"uv": [4, 6, 12, 7], "rotation": 180, "texture": "#6"},
				"east": {"uv": [4, 6, 12, 7], "texture": "#6"},
				"south": {"uv": [4, 6, 12, 7], "texture": "#6"},
				"west": {"uv": [4, 6, 12, 7], "texture": "#6"},
				"up": {"uv": [4, 6, 12, 7], "texture": "#6"},
				"down": {"uv": [0, 0, 0, 0], "texture": "#6"}
			}
		},
		{
			"from": [4, 16, 3],
			"to": [12, 17, 4],
			"faces": {
				"north": {"uv": [4, 3, 12, 4], "rotation": 180, "texture": "#6"},
				"east": {"uv": [4, 3, 12, 4], "texture": "#6"},
				"south": {"uv": [4, 3, 12, 4], "texture": "#6"},
				"west": {"uv": [4, 3, 12, 4], "texture": "#6"},
				"up": {"uv": [4, 3, 12, 4], "texture": "#6"},
				"down": {"uv": [0, 0, 0, 0], "texture": "#6"}
			}
		}
	],
	"display": {
		"thirdperson_righthand": {
			"rotation": [75, 45, 0],
			"translation": [0, 2.5, 0],
			"scale": [0.375, 0.375, 0.375]
		},
		"firstperson_righthand": {
			"rotation": [0, 45, 0],
			"scale": [0.4, 0.4, 0.4]
		},
		"firstperson_lefthand": {
			"rotation": [0, 225, 0],
			"scale": [0.4, 0.4, 0.4]
		},
		"ground": {
			"translation": [0, 3, 0],
			"scale": [0.25, 0.25, 0.25]
		},
		"gui": {
			"rotation": [30, 225, 0],
			"scale": [0.625, 0.625, 0.625]
		},
		"fixed": {
			"rotation": [-90, 0, 0],
			"translation": [0, 0, 16],
			"scale": [2.00156, 2.00156, 2.00156]
		}
	},
	"groups": [0,
		{
			"name": "group",
			"origin": [-4, 8, 7],
			"children": [1, 2, 3, 4, 5, 6, 7, 8]
		},
		{
			"name": "group",
			"origin": [-4, 8, 7],
			"children": [9, 10, 11, 12, 13, 14, 15, 16]
		},
		{
			"name": "group",
			"origin": [-4, 8, 7],
			"children": [17, 18, 19, 20, 21, 22, 23, 24]
		},
		{
			"name": "group",
			"origin": [-4, 8, 7],
			"children": [25, 26, 27, 28, 29, 30, 31, 32]
		},
		{
			"name": "grid",
			"origin": [8, 8, 8],
			"children": [
				{
					"name": "grid",
					"origin": [8, 8, 8],
					"children": [33, 34, 35, 36, 37, 38, 39, 40, 41]
				}
			]
		}
	]
}