{"type":"chest","pools":[{"rolls":{"min":3,"max":6},"entries":[{"type":"item","weight":50,"name":"minecraft:iron_ingot","functions":[{"function":"set_count","count":{"min":3,"max":7}}]},{"type":"item","weight":20,"name":"minecraft:gold_ingot","functions":[{"function":"set_count","count":{"min":3,"max":7}}]},{"type":"item","weight":20,"name":"minecraft:emerald","functions":[{"function":"set_count","count":{"min":3,"max":7}}]},{"type":"item","weight":50,"name":"minecraft:experience_bottle","functions":[{"function":"set_count","count":{"min":5,"max":10}}]},{"type":"item","weight":5,"name":"minecraft:diamond","functions":[{"function":"set_count","count":{"min":1,"max":3}}]},{"type":"item","weight":30,"name":"minecraft:prismarine_shard","functions":[{"function":"set_count","count":{"min":1,"max":10}}]},{"type":"item","weight":30,"name":"minecraft:prismarine_crystals","functions":[{"function":"set_count","count":{"min":1,"max":10}}]}]},{"rolls":1,"entries":[{"type":"item","weight":1,"name":"minecraft:cod","functions":[{"function":"set_count","count":{"min":1,"max":10}}]}]},{"rolls":1,"entries":[{"type":"item","weight":1,"name":"minecraft:potion","functions":[{"function":"set_count","count":{"min":2,"max":3}},{"function":"set_nbt","tag":"{CustomPotionEffects:[{Id:13b,Amplifier:0b,Duration:9600},{Id:22b,Amplifier:0b,Duration:2400}],CustomPotionColor:58879}"},{"function":"set_name","name":[{"text":"Deep Dive Potion","color":"gold","italic":false}]}]}]},{"rolls":1,"entries":[{"type":"item","weight":1,"name":"minecraft:sea_pickle","functions":[{"function":"set_count","count":{"min":16,"max":32}}]}]}]}
