{"type":"chest","pools":[{"rolls":{"min":3,"max":6},"entries":[{"type":"item","weight":50,"name":"minecraft:iron_ingot","functions":[{"function":"set_count","count":{"min":1,"max":3}}]},{"type":"item","weight":20,"name":"minecraft:gold_ingot","functions":[{"function":"set_count","count":{"min":1,"max":3}}]},{"type":"item","weight":20,"name":"minecraft:emerald","functions":[{"function":"set_count","count":{"min":1,"max":3}}]},{"type":"item","weight":50,"name":"minecraft:experience_bottle","functions":[{"function":"set_count","count":{"min":1,"max":7}}]},{"type":"item","weight":5,"name":"minecraft:diamond","functions":[{"function":"set_count","count":{"min":1,"max":3}}]},{"type":"item","weight":60,"name":"minecraft:honeycomb","functions":[{"function":"set_count","count":{"min":1,"max":10}}]}]},{"rolls":1,"entries":[{"type":"item","weight":1,"name":"minecraft:potion","functions":[{"function":"set_count","count":{"min":1,"max":3}},{"function":"set_nbt","tag":"{CustomPotionEffects:[{Id:6b,Amplifier:0b,Duration:1},{Id:10b,Amplifier:0b,Duration:900}],CustomPotionColor:16763190}"},{"function":"set_name","name":[{"text":"Honey Potion","color":"gold","italic":false}]}]}]},{"rolls":{"min":1,"max":3},"entries":[{"type":"item","weight":1,"name":"minecraft:honey_bottle","functions":[{"function":"set_count","count":{"min":1,"max":5}}]}]},{"rolls":1,"entries":[{"type":"item","weight":1,"name":"minecraft:bee_nest","functions":[{"function":"set_count","count":1},{"function":"set_nbt","tag":"{BlockEntityTag:{Bees:[{MinOccupationTicks:300,TicksInHive:300,EntityData:{id:\"minecraft:bee\",Glowing:1b,Health:100f,Tags:[\"queen_bee\"],AngerTime:1000000,CustomName:'{\"text\":\"Queen Bee\",\"color\":\"red\",\"bold\":true,\"italic\":false}',DeathLootTable:\"custom:mobs/queen_bee\",Attributes:[{Name:generic.max_health,Base:100},{Name:generic.attack_damage,Base:9}]}},{MinOccupationTicks:300,TicksInHive:300,EntityData:{id:\"minecraft:bee\",PersistenceRequired:1b,AngerTime:1000000}},{MinOccupationTicks:300,TicksInHive:300,EntityData:{id:\"minecraft:bee\",AngerTime:1000000}}]}}"},{"function":"set_name","name":[{"text":"Queen's Nest","color":"gold","italic":false}]}]}]}]}
