{
	"ambientocclusion": false,
	"elements": [
		{
			"from": [5.5, 0, 5.5],
			"to": [10.5, 2, 10.5],
			"faces": {
				"north": {"uv": [4, 9, 9, 11], "texture": "#texture"},
				"east": {"uv": [6, 7, 11, 9], "texture": "#texture"},
				"south": {"uv": [6, 6, 11, 8], "texture": "#texture"},
				"west": {"uv": [2, 9, 7, 11], "texture": "#texture"},
				"up": {"uv": [6, 7, 11, 12], "texture": "#texture"},
				"down": {"uv": [7, 8, 12, 13], "texture": "#texture"}
			}
		},
		{
			"from": [6, 1, 6],
			"to": [10, 3, 10],
			"faces": {
				"north": {"uv": [6, 7, 10, 9], "texture": "#texture"},
				"east": {"uv": [6, 7, 10, 9], "texture": "#texture"},
				"south": {"uv": [5, 7, 9, 9], "texture": "#texture"},
				"west": {"uv": [5, 4, 9, 6], "texture": "#texture"},
				"up": {"uv": [7, 7, 11, 11], "texture": "#texture"}
			}
		},
		{
			"from": [6.25, 2, 6.5],
			"to": [9.25, 5, 9.5],
			"faces": {
				"north": {"uv": [4, 7, 7, 10], "texture": "#texture"},
				"east": {"uv": [7, 9, 10, 12], "texture": "#texture"},
				"south": {"uv": [10, 10, 13, 13], "texture": "#texture"},
				"west": {"uv": [6, 12, 9, 15], "texture": "#texture"},
				"up": {"uv": [5, 7, 8, 10], "texture": "#texture"}
			}
		},
		{
			"from": [6.75, 4, 7],
			"to": [8.75, 7, 9],
			"faces": {
				"north": {"uv": [7, 7, 9, 10], "texture": "#texture"},
				"east": {"uv": [8, 6, 10, 9], "texture": "#texture"},
				"south": {"uv": [6, 7, 8, 10], "texture": "#texture"},
				"west": {"uv": [5, 6, 7, 9], "texture": "#texture"},
				"up": {"uv": [12, 3, 14, 5], "texture": "#texture"}
			}
		},
		{
			"from": [7, 6, 7.5],
			"to": [8, 8, 8.5],
			"faces": {
				"north": {"uv": [9, 3, 10, 5], "texture": "#texture"},
				"east": {"uv": [9, 10, 10, 12], "texture": "#texture"},
				"south": {"uv": [12, 7, 13, 9], "texture": "#texture"},
				"west": {"uv": [6, 6, 7, 8], "texture": "#texture"},
				"up": {"uv": [15, 0, 16, 1], "texture": "#texture"}
			}
		}
	],
	"gui_light": "side",
	"display": {
		"thirdperson_righthand": {
			"rotation": [75, 45, 0],
			"translation": [0, 1.25, 3.75],
			"scale": [0.5, 0.5, 0.5]
		},
		"thirdperson_lefthand": {
			"rotation": [75, 45, 0],
			"translation": [0, 1.25, 3.75],
			"scale": [0.5, 0.5, 0.5]
		},
		"firstperson_righthand": {
			"rotation": [0, 45, 0],
			"translation": [0, 2.25, 0],
			"scale": [0.5, 0.5, 0.5]
		},
		"firstperson_lefthand": {
			"rotation": [0, 45, 0],
			"translation": [0, 2.25, 0],
			"scale": [0.5, 0.5, 0.5]
		},
		"ground": {
			"rotation": [0, 45, 0],
			"translation": [0, 8.25, 0],
			"scale": [1.5, 1.5, 1.5]
		},
		"gui": {
			"rotation": [30, 225, 0],
			"translation": [0, 7.5, 0],
			"scale": [1.7, 1.7, 1.7]
		},
		"head": {
			"rotation": [0, 0, 7],
			"translation": [-1.25, 17.75, 0],
			"scale": [1.5, 1.5, 1.5]
		},
		"fixed": {
			"translation": [0, 6.25, 0],
			"scale": [1.5, 1.5, 1.5]
		}
	}
}