{
	"textures": {
		"inside": "block/black_concrete",
		"accent": "block/gold_block",
		"mouth_bit": "block/white_concrete",
		"particle": "block/green_concrete"
	},
	"elements": [
		{
			"from": [7, 0.87868, 5],
			"to": [9, 2.12132, 6],
			"rotation": {"angle": 45, "axis": "x", "origin": [8, 1.5, 6.5]},
			"faces": {
				"north": {"uv": [3, 5, 5, 6], "texture": "#streamer"},
				"east": {"uv": [6, 7, 7, 8.24264], "texture": "#streamer"},
				"south": {"uv": [5, 6, 7, 7], "texture": "#streamer"},
				"west": {"uv": [5, 7, 6, 8], "texture": "#streamer"}
			}
		},
		{
			"from": [7, 0.87868, 5],
			"to": [9, 2.12132, 6],
			"faces": {
				"north": {"uv": [7, 8, 9, 9.24264], "texture": "#streamer"},
				"east": {"uv": [5, 6, 6, 7.24264], "texture": "#streamer"},
				"south": {"uv": [4, 6, 6, 7], "texture": "#streamer"},
				"west": {"uv": [4, 5, 5, 6.24264], "texture": "#streamer"}
			}
		},
		{
			"from": [7, 0, 5.87868],
			"to": [9, 1, 7.12132],
			"rotation": {"angle": 45, "axis": "x", "origin": [8, 1.5, 6.5]},
			"faces": {
				"east": {"uv": [3, 6, 4.24264, 7], "texture": "#streamer"},
				"west": {"uv": [7, 5, 8.24264, 6], "texture": "#streamer"},
				"up": {"uv": [3, 5, 5, 6.24264], "texture": "#streamer"},
				"down": {"uv": [3, 5, 5, 6], "texture": "#streamer"}
			}
		},
		{
			"from": [7, 0, 5.87868],
			"to": [9, 1, 6.89632],
			"faces": {
				"east": {"uv": [6, 4, 7.01764, 5], "texture": "#streamer"},
				"west": {"uv": [2, 4, 3.01764, 5], "texture": "#streamer"},
				"up": {"uv": [3, 4, 5, 5.01764], "texture": "#streamer"},
				"down": {"uv": [6, 6, 8, 7.01764], "texture": "#streamer"}
			}
		},
		{
			"from": [6.975, -0.025, 6.37868],
			"to": [9.025, 1.025, 7.42868],
			"faces": {
				"east": {"uv": [8, 7, 9, 8], "texture": "#accent"},
				"west": {"uv": [6, 7, 7, 8], "texture": "#accent"},
				"up": {"uv": [4, 7, 6, 8], "texture": "#accent"},
				"down": {"uv": [7, 9, 9, 10], "texture": "#accent"}
			}
		},
		{
			"from": [7, 0, 6.87868],
			"to": [9, 1, 9.99632],
			"faces": {
				"east": {"uv": [7, 11, 10, 12], "texture": "#mouth_bit"},
				"south": {"uv": [4, 4, 6, 5], "texture": "#inside"},
				"west": {"uv": [9, 9, 12, 10], "texture": "#mouth_bit"},
				"up": {"uv": [8, 6, 10, 9], "texture": "#mouth_bit"},
				"down": {"uv": [9, 9, 11, 12], "texture": "#mouth_bit"}
			}
		},
		{
			"from": [7, 2, 5.87868],
			"to": [9, 3, 7.12132],
			"rotation": {"angle": 45, "axis": "x", "origin": [8, 1.5, 6.5]},
			"faces": {
				"east": {"uv": [3, 4, 4, 5], "texture": "#streamer"},
				"south": {"uv": [9, 10, 11, 11], "texture": "#inside"},
				"west": {"uv": [7, 5, 8, 6], "texture": "#streamer"},
				"up": {"uv": [6, 5, 8, 6.24264], "texture": "#streamer"},
				"down": {"uv": [6, 7, 8, 8.24264], "texture": "#streamer"}
			}
		},
		{
			"from": [7, 2, 5.87868],
			"to": [9, 3, 7.12132],
			"faces": {
				"east": {"uv": [3, 3, 4, 4], "texture": "#streamer"},
				"west": {"uv": [7, 6, 8, 7], "texture": "#streamer"},
				"up": {"uv": [4, 6, 6, 7.24264], "texture": "#streamer"},
				"down": {"uv": [6, 6, 8, 7], "texture": "#streamer"}
			}
		}
	],
	"display": {
		"thirdperson_righthand": {
			"rotation": [75, 45, 0],
			"translation": [-1.5, 4.25, 11.5],
			"scale": [1.5, 1.5, 1.5]
		},
		"thirdperson_lefthand": {
			"rotation": [75, 45, 0],
			"translation": [-1.5, 4.25, 11.5],
			"scale": [1.5, 1.5, 1.5]
		},
		"firstperson_righthand": {
			"rotation": [0, 18, 0],
			"translation": [0, 9.75, -1.5],
			"scale": [1.5, 1.5, 1.5]
		},
		"firstperson_lefthand": {
			"rotation": [0, 18, 0],
			"translation": [0, 9.75, -1.5],
			"scale": [1.5, 1.5, 1.5]
		},
		"ground": {
			"rotation": [0, 18, 0],
			"translation": [0, 8.5, 0],
			"scale": [1.5, 1.5, 1.5]
		},
		"gui": {
			"rotation": [30, 225, 0],
			"translation": [0, 15, 0],
			"scale": [2.5, 2.5, 2.5]
		},
		"head": {
			"translation": [0, 7.25, -9.25],
			"scale": [1.5, 1.5, 1.5]
		},
		"fixed": {
			"rotation": [0, 90, 0],
			"translation": [1, 17, 0],
			"scale": [2.5, 2.5, 2.5]
		}
	},
	"groups": [
		{
			"name": "octagon",
			"origin": [8, 8, 8],
			"children": [0, 1, 2, 3, 4, 5, 6, 7]
		}
	]
}