{
    "parent": "item/crossbow",
    "textures": {
        "layer0": "item/diamond_heavy_crossbow/crossbow_pulling_2"
    },
    "display": {
        "thirdperson_righthand": {
            "rotation": [-90, 0, -60],
            "translation": [2, 0.5, -5],
            "scale": [1.6, 1.6, 0.9]
        },
        "thirdperson_lefthand": {
            "rotation": [-90, 0, 30],
            "translation": [2, 0.5, -5],
            "scale": [1.6, 1.6, 0.9]
        },
        "firstperson_righthand": {
            "rotation": [-90, 0, -55],
            "translation": [1.13, 3.2, 1.13],
            "scale": [1.0, 1.0, 0.68]
        },
        "firstperson_lefthand": {
            "rotation": [-90, 0, 35],
            "translation": [1.13, 3.2, 1.13],
            "scale": [1.0, 1.0, 0.68]
        },
        "fixed": {
            "rotation": [ 0, 0, -90 ],
            "translation": [ 0, 0, 0 ],
            "scale": [ 1.23, 1.23, 1.0 ]
        },
        "gui": {
            "rotation": [ 0, 0, 0 ],
            "translation": [ 0, 0, 0 ],
            "scale": [ 1.23, 1.23, 1.0 ]
        }
    }
}
