{
    "parent": "item/generated",
    "display": {
        "thirdperson_righthand": {
            "rotation": [ -80, 260, -40 ],
            "translation": [ -1, -2, 2.5 ],
            "scale": [ 0.95, 0.95, 0.95 ]
        },
        "thirdperson_lefthand": {
            "rotation": [ -80, -280, 40 ],
            "translation": [ -1, -2, 2.5 ],
            "scale": [ 0.95, 0.95, 0.95 ]
        },
        "firstperson_righthand": {
            "rotation": [ 0, -90, 25 ],
            "translation": [ 1.13, 3.2, 1.13],
            "scale": [ 0.68, 0.68, 0.68 ]
        },
        "firstperson_lefthand": {
            "rotation": [ 0, 90, -25 ],
            "translation": [ 1.13, 3.2, 1.13],
            "scale": [ 0.68, 0.68, 0.68 ]
        }
    },
    "overrides": [
        {
            "predicate": {
                "pulling": 0
            },
            "model": "item/wooden_bow/bow"
        },
        {
            "predicate": {
                "pulling": 0,
                "custom_model_data": 694201
            },
            "model": "item/iron_bow/bow"
        },
        {
            "predicate": {
                "pulling": 0,
                "custom_model_data": 694202
            },
            "model": "item/golden_bow/bow"
        },
        {
            "predicate": {
                "pulling": 0,
                "custom_model_data": 694203
            },
            "model": "item/diamond_bow/bow"
        },
        {
            "predicate": {
                "pulling": 0,
                "custom_model_data": 694204
            },
            "model": "item/netherite_bow/bow"
        },
        {
            "predicate": {
                "pulling": 0,
                "custom_model_data": 694205
            },
            "model": "item/wooden_longbow/bow"
        },
        {
            "predicate": {
                "pulling": 0,
                "custom_model_data": 694206
            },
            "model": "item/iron_longbow/bow"
        },
        {
            "predicate": {
                "pulling": 0,
                "custom_model_data": 694207
            },
            "model": "item/golden_longbow/bow"
        },
        {
            "predicate": {
                "pulling": 0,
                "custom_model_data": 694208
            },
            "model": "item/diamond_longbow/bow"
        },
        {
            "predicate": {
                "pulling": 0,
                "custom_model_data": 694209
            },
            "model": "item/netherite_longbow/bow"
        },
        {
            "predicate": {
                "pulling": 1
            },
            "model": "item/wooden_bow/bow_pulling_0"
        },
        {
            "predicate": {
                "pulling": 1,
                "pull": 0.34
            },
            "model": "item/wooden_bow/bow_pulling_1"
        },
        {
            "predicate": {
                "pulling": 1,
                "pull": 0.67
            },
            "model": "item/wooden_bow/bow_pulling_2"
        },
        {
            "predicate": {
                "pulling": 1,
                "pull": 1.0
            },
            "model": "item/wooden_bow/bow_pulling_3"
        },
        {
            "predicate": {
                "pulling": 1,
                "custom_model_data": 694201
            },
            "model": "item/iron_bow/bow_pulling_0"
        },
        {
            "predicate": {
                "pulling": 1,
                "pull": 0.34,
                "custom_model_data": 694201
            },
            "model": "item/iron_bow/bow_pulling_1"
        },
        {
            "predicate": {
                "pulling": 1,
                "pull": 0.67,
                "custom_model_data": 1
            },
            "model": "item/iron_bow/bow_pulling_2"
        },
        {
            "predicate": {
                "pulling": 1,
                "pull": 1.0,
                "custom_model_data": 694201
            },
            "model": "item/iron_bow/bow_pulling_3"
        },
        {
            "predicate": {
                "pulling": 1,
                "custom_model_data": 694202
            },
            "model": "item/golden_bow/bow_pulling_0"
        },
        {
            "predicate": {
                "pulling": 1,
                "pull": 0.34,
                "custom_model_data": 694202
            },
            "model": "item/golden_bow/bow_pulling_1"
        },
        {
            "predicate": {
                "pulling": 1,
                "pull": 0.67,
                "custom_model_data": 694202
            },
            "model": "item/golden_bow/bow_pulling_2"
        },
        {
            "predicate": {
                "pulling": 1,
                "pull": 1.0,
                "custom_model_data": 694202
            },
            "model": "item/golden_bow/bow_pulling_3"
        },
        {
            "predicate": {
                "pulling": 1,
                "custom_model_data": 694203
            },
            "model": "item/diamond_bow/bow_pulling_0"
        },
        {
            "predicate": {
                "pulling": 1,
                "pull": 0.34,
                "custom_model_data": 694203
            },
            "model": "item/diamond_bow/bow_pulling_1"
        },
        {
            "predicate": {
                "pulling": 1,
                "pull": 0.67,
                "custom_model_data": 694203
            },
            "model": "item/diamond_bow/bow_pulling_2"
        },
        {
            "predicate": {
                "pulling": 1,
                "pull": 1.0,
                "custom_model_data": 694203
            },
            "model": "item/diamond_bow/bow_pulling_3"
        },
        {
            "predicate": {
                "pulling": 1,
                "custom_model_data": 694204
            },
            "model": "item/netherite_bow/bow_pulling_0"
        },
        {
            "predicate": {
                "pulling": 1,
                "pull": 0.34,
                "custom_model_data": 694204
            },
            "model": "item/netherite_bow/bow_pulling_1"
        },
        {
            "predicate": {
                "pulling": 1,
                "pull": 0.67,
                "custom_model_data": 694204
            },
            "model": "item/netherite_bow/bow_pulling_2"
        },
        {
            "predicate": {
                "pulling": 1,
                "pull": 1.0,
                "custom_model_data": 694204
            },
            "model": "item/netherite_bow/bow_pulling_3"
        },
        {
            "predicate": {
                "pulling": 1,
                "custom_model_data": 694205
            },
            "model": "item/wooden_longbow/bow_pulling_0"
        },
        {
            "predicate": {
                "pulling": 1,
                "pull": 0.58,
                "custom_model_data": 694205
            },
            "model": "item/wooden_longbow/bow_pulling_1"
        },
        {
            "predicate": {
                "pulling": 1,
                "pull": 0.89,
                "custom_model_data": 694205
            },
            "model": "item/wooden_longbow/bow_pulling_2"
        },
        {
            "predicate": {
                "pulling": 1,
                "custom_model_data": 694206
            },
            "model": "item/iron_longbow/bow_pulling_0"
        },
        {
            "predicate": {
                "pulling": 1,
                "pull": 0.58,
                "custom_model_data": 694206
            },
            "model": "item/iron_longbow/bow_pulling_1"
        },
        {
            "predicate": {
                "pulling": 1,
                "pull": 0.89,
                "custom_model_data": 694206
            },
            "model": "item/iron_longbow/bow_pulling_2"
        },
        {
            "predicate": {
                "pulling": 1,
                "custom_model_data": 694207
            },
            "model": "item/golden_longbow/bow_pulling_0"
        },
        {
            "predicate": {
                "pulling": 1,
                "pull": 0.58,
                "custom_model_data": 694207
            },
            "model": "item/golden_longbow/bow_pulling_1"
        },
        {
            "predicate": {
                "pulling": 1,
                "pull": 0.89,
                "custom_model_data": 694207
            },
            "model": "item/golden_longbow/bow_pulling_2"
        },
        {
            "predicate": {
                "pulling": 1,
                "custom_model_data": 694208
            },
            "model": "item/diamond_longbow/bow_pulling_0"
        },
        {
            "predicate": {
                "pulling": 1,
                "pull": 0.58,
                "custom_model_data": 694208
            },
            "model": "item/diamond_longbow/bow_pulling_1"
        },
        {
            "predicate": {
                "pulling": 1,
                "pull": 0.89,
                "custom_model_data": 694208
            },
            "model": "item/diamond_longbow/bow_pulling_2"
        },
        {
            "predicate": {
                "pulling": 1,
                "custom_model_data": 694209
            },
            "model": "item/netherite_longbow/bow_pulling_0"
        },
        {
            "predicate": {
                "pulling": 1,
                "pull": 0.58,
                "custom_model_data": 694209
            },
            "model": "item/netherite_longbow/bow_pulling_1"
        },
        {
            "predicate": {
                "pulling": 1,
                "pull": 0.89,
                "custom_model_data": 694209
            },
            "model": "item/netherite_longbow/bow_pulling_2"
        }
    ]
}
