{
  "parent": "item/generated",
  "display": {
    "thirdperson_righthand": {
      "rotation": [-90, 0, -60],
      "translation": [2, 0.5, -3],
      "scale": [0.9, 0.9, 0.9]
    },
    "thirdperson_lefthand": {
      "rotation": [-90, 0, 30],
      "translation": [2, 0.5, -3],
      "scale": [0.9, 0.9, 0.9]
    },
    "firstperson_righthand": {
      "rotation": [-90, 0, -55],
      "translation": [1.13, 3.2, 1.13],
      "scale": [0.68, 0.68, 0.68]
    },
    "firstperson_lefthand": {
      "rotation": [-90, 0, 35],
      "translation": [1.13, 3.2, 1.13],
      "scale": [0.68, 0.68, 0.68]
    }
  },
  "overrides": [
    {
      "predicate": {
        "pulling": 0
      },
      "model": "item/wooden_crossbow/crossbow"
    },
    {
      "predicate": {
        "pulling": 0,
        "custom_model_data": 694201
      },
      "model": "item/iron_crossbow/crossbow"
    },
    {
      "predicate": {
        "pulling": 0,
        "custom_model_data": 694202
      },
      "model": "item/golden_crossbow/crossbow"
    },
    {
      "predicate": {
        "pulling": 0,
        "custom_model_data": 694203
      },
      "model": "item/diamond_crossbow/crossbow"
    },
    {
      "predicate": {
        "pulling": 0,
        "custom_model_data": 694204
      },
      "model": "item/netherite_crossbow/crossbow"
    },
    {
      "predicate": {
        "pulling": 0,
        "custom_model_data": 694205
      },
      "model": "item/wooden_heavy_crossbow/crossbow"
    },
    {
      "predicate": {
        "pulling": 0,
        "custom_model_data": 694206
      },
      "model": "item/iron_heavy_crossbow/crossbow"
    },
    {
      "predicate": {
        "pulling": 0,
        "custom_model_data": 694207
      },
      "model": "item/golden_heavy_crossbow/crossbow"
    },
    {
      "predicate": {
        "pulling": 0,
        "custom_model_data": 694208
      },
      "model": "item/diamond_heavy_crossbow/crossbow"
    },
    {
      "predicate": {
        "pulling": 0,
        "custom_model_data": 694209
      },
      "model": "item/netherite_heavy_crossbow/crossbow"
    },
    {
      "predicate": {
        "pulling": 1
      },
      "model": "item/wooden_crossbow/crossbow_pulling_0"
    },
    {
      "predicate": {
        "pulling": 1,
        "pull": 0.58
      },
      "model": "item/wooden_crossbow/crossbow_pulling_1"
    },
    {
      "predicate": {
        "pulling": 1,
        "pull": 1.0
      },
      "model": "item/wooden_crossbow/crossbow_pulling_2"
    },
    {
      "predicate": {
        "charged": 1
      },
      "model": "item/wooden_crossbow/crossbow_arrow"
    },
    {
      "predicate": {
        "charged": 1,
        "firework": 1
      },
      "model": "item/wooden_crossbow/crossbow_firework"
    },
    {
      "predicate": {
        "pulling": 1,
        "custom_model_data": 694201
      },
      "model": "item/iron_crossbow/crossbow_pulling_0"
    },
    {
      "predicate": {
        "pulling": 1,
        "pull": 0.58,
        "custom_model_data": 694201
      },
      "model": "item/iron_crossbow/crossbow_pulling_1"
    },
    {
      "predicate": {
        "pulling": 1,
        "pull": 1.0,
        "custom_model_data": 694201
      },
      "model": "item/iron_crossbow/crossbow_pulling_2"
    },
    {
      "predicate": {
        "charged": 1,
        "custom_model_data": 694201
      },
      "model": "item/iron_crossbow/crossbow_arrow"
    },
    {
      "predicate": {
        "charged": 1,
        "firework": 1,
        "custom_model_data": 694201
      },
      "model": "item/iron_crossbow/crossbow_firework"
    },
    {
      "predicate": {
        "pulling": 1,
        "custom_model_data": 694202
      },
      "model": "item/golden_crossbow/crossbow_pulling_0"
    },
    {
      "predicate": {
        "pulling": 1,
        "pull": 0.58,
        "custom_model_data": 694202
      },
      "model": "item/golden_crossbow/crossbow_pulling_1"
    },
    {
      "predicate": {
        "pulling": 1,
        "pull": 1.0,
        "custom_model_data": 694202
      },
      "model": "item/golden_crossbow/crossbow_pulling_2"
    },
    {
      "predicate": {
        "charged": 1,
        "custom_model_data": 694202
      },
      "model": "item/golden_crossbow/crossbow_arrow"
    },
    {
      "predicate": {
        "charged": 1,
        "firework": 1,
        "custom_model_data": 694202
      },
      "model": "item/golden_crossbow/crossbow_firework"
    },
    {
      "predicate": {
        "pulling": 1,
        "custom_model_data": 694203
      },
      "model": "item/diamond_crossbow/crossbow_pulling_0"
    },
    {
      "predicate": {
        "pulling": 1,
        "pull": 0.58,
        "custom_model_data": 694203
      },
      "model": "item/diamond_crossbow/crossbow_pulling_1"
    },
    {
      "predicate": {
        "pulling": 1,
        "pull": 1.0,
        "custom_model_data": 694203
      },
      "model": "item/diamond_crossbow/crossbow_pulling_2"
    },
    {
      "predicate": {
        "charged": 1,
        "custom_model_data": 694203
      },
      "model": "item/diamond_crossbow/crossbow_arrow"
    },
    {
      "predicate": {
        "charged": 1,
        "firework": 1,
        "custom_model_data": 694203
      },
      "model": "item/diamond_crossbow/crossbow_firework"
    },
    {
      "predicate": {
        "pulling": 1,
        "custom_model_data": 694204
      },
      "model": "item/netherite_crossbow/crossbow_pulling_0"
    },
    {
      "predicate": {
        "pulling": 1,
        "pull": 0.58,
        "custom_model_data": 694204
      },
      "model": "item/netherite_crossbow/crossbow_pulling_1"
    },
    {
      "predicate": {
        "pulling": 1,
        "pull": 1.0,
        "custom_model_data": 694204
      },
      "model": "item/netherite_crossbow/crossbow_pulling_2"
    },
    {
      "predicate": {
        "charged": 1,
        "custom_model_data": 694204
      },
      "model": "item/netherite_crossbow/crossbow_arrow"
    },
    {
      "predicate": {
        "charged": 1,
        "firework": 1,
        "custom_model_data": 694204
      },
      "model": "item/netherite_crossbow/crossbow_firework"
    },
    {
      "predicate": {
        "pulling": 1,
        "custom_model_data": 694205
      },
      "model": "item/wooden_heavy_crossbow/crossbow_pulling_0"
    },
    {
      "predicate": {
        "pulling": 1,
        "pull": 0.34,
        "custom_model_data": 694205
      },
      "model": "item/wooden_heavy_crossbow/crossbow_pulling_1"
    },
    {
      "predicate": {
        "pulling": 1,
        "pull": 0.67,
        "custom_model_data": 694205
      },
      "model": "item/wooden_heavy_crossbow/crossbow_pulling_2"
    },
    {
      "predicate": {
        "pulling": 1,
        "pull": 1.0,
        "custom_model_data": 694205
      },
      "model": "item/wooden_heavy_crossbow/crossbow_pulling_3"
    },
    {
      "predicate": {
        "charged": 1,
        "custom_model_data": 694205
      },
      "model": "item/wooden_heavy_crossbow/crossbow_arrow"
    },
    {
      "predicate": {
        "charged": 1,
        "firework": 1,
        "custom_model_data": 694205
      },
      "model": "item/wooden_heavy_crossbow/crossbow_firework"
    },
    {
      "predicate": {
        "pulling": 1,
        "custom_model_data": 694206
      },
      "model": "item/iron_heavy_crossbow/crossbow_pulling_0"
    },
    {
      "predicate": {
        "pulling": 1,
        "pull": 0.34,
        "custom_model_data": 694206
      },
      "model": "item/iron_heavy_crossbow/crossbow_pulling_1"
    },
    {
      "predicate": {
        "pulling": 1,
        "pull": 0.67,
        "custom_model_data": 694206
      },
      "model": "item/iron_heavy_crossbow/crossbow_pulling_2"
    },
    {
      "predicate": {
        "pulling": 1,
        "pull": 1.0,
        "custom_model_data": 694206
      },
      "model": "item/iron_heavy_crossbow/crossbow_pulling_3"
    },
    {
      "predicate": {
        "charged": 1,
        "custom_model_data": 694206
      },
      "model": "item/iron_heavy_crossbow/crossbow_arrow"
    },
    {
      "predicate": {
        "charged": 1,
        "firework": 1,
        "custom_model_data": 694206
      },
      "model": "item/iron_heavy_crossbow/crossbow_firework"
    },
    {
      "predicate": {
        "pulling": 1,
        "custom_model_data": 694207
      },
      "model": "item/golden_heavy_crossbow/crossbow_pulling_0"
    },
    {
      "predicate": {
        "pulling": 1,
        "pull": 0.34,
        "custom_model_data": 694207
      },
      "model": "item/golden_heavy_crossbow/crossbow_pulling_1"
    },
    {
      "predicate": {
        "pulling": 1,
        "pull": 0.67,
        "custom_model_data": 694207
      },
      "model": "item/golden_heavy_crossbow/crossbow_pulling_2"
    },
    {
      "predicate": {
        "pulling": 1,
        "pull": 1.0,
        "custom_model_data": 694207
      },
      "model": "item/golden_heavy_crossbow/crossbow_pulling_3"
    },
    {
      "predicate": {
        "charged": 1,
        "custom_model_data": 694207
      },
      "model": "item/golden_heavy_crossbow/crossbow_arrow"
    },
    {
      "predicate": {
        "charged": 1,
        "firework": 1,
        "custom_model_data": 694207
      },
      "model": "item/golden_heavy_crossbow/crossbow_firework"
    },
    {
      "predicate": {
        "pulling": 1,
        "custom_model_data": 694208
      },
      "model": "item/diamond_heavy_crossbow/crossbow_pulling_0"
    },
    {
      "predicate": {
        "pulling": 1,
        "pull": 0.34,
        "custom_model_data": 694208
      },
      "model": "item/diamond_heavy_crossbow/crossbow_pulling_1"
    },
    {
      "predicate": {
        "pulling": 1,
        "pull": 0.67,
        "custom_model_data": 694208
      },
      "model": "item/diamond_heavy_crossbow/crossbow_pulling_2"
    },
    {
      "predicate": {
        "pulling": 1,
        "pull": 1.0,
        "custom_model_data": 694208
      },
      "model": "item/diamond_heavy_crossbow/crossbow_pulling_3"
    },
    {
      "predicate": {
        "charged": 1,
        "custom_model_data": 694208
      },
      "model": "item/diamond_heavy_crossbow/crossbow_arrow"
    },
    {
      "predicate": {
        "charged": 1,
        "firework": 1,
        "custom_model_data": 694208
      },
      "model": "item/diamond_heavy_crossbow/crossbow_firework"
    },
    {
      "predicate": {
        "pulling": 1,
        "custom_model_data": 694209
      },
      "model": "item/netherite_heavy_crossbow/crossbow_pulling_0"
    },
    {
      "predicate": {
        "pulling": 1,
        "pull": 0.34,
        "custom_model_data": 694209
      },
      "model": "item/netherite_heavy_crossbow/crossbow_pulling_1"
    },
    {
      "predicate": {
        "pulling": 1,
        "pull": 0.67,
        "custom_model_data": 694209
      },
      "model": "item/netherite_heavy_crossbow/crossbow_pulling_2"
    },
    {
      "predicate": {
        "pulling": 1,
        "pull": 1.0,
        "custom_model_data": 694209
      },
      "model": "item/netherite_heavy_crossbow/crossbow_pulling_3"
    },
    {
      "predicate": {
        "charged": 1,
        "custom_model_data": 694209
      },
      "model": "item/netherite_heavy_crossbow/crossbow_arrow"
    },
    {
      "predicate": {
        "charged": 1,
        "firework": 1,
        "custom_model_data": 694209
      },
      "model": "item/netherite_heavy_crossbow/crossbow_firework"
    }
  ]
}
