{
    "__comment": "Made with TheDestruc7i0n's advancements generator: https://advancements.thedestruc7i0n.ca",
    "display": {
        "title": {
            "text": "A Bone to Pick",
            "color": "white"
        },
        "description": {
            "text": "Slay the Royal Skeleton",
            "color": "green"
        },
        "icon": {
            "item": "minecraft:skeleton_skull"
        },
        "frame": "task",
        "show_toast": true,
        "announce_to_chat": true,
        "hidden": false
    },
    "criteria": {
        "slayrs": {
            "trigger": "minecraft:player_killed_entity",
            "conditions": {
                "entity": {
                    "type": "minecraft:iron_golem",
                    "nbt": "{Tags:[\"gshurtbox\"]}"
                }
            }
        }
    },
    "parent": "minecraft:adventure/kill_a_mob"
}