{
  "display": {
    "icon": {
      "item": "minecraft:command_block"
    },
    "title": {
      "text": "Hurt Minotaur"
    },
    "description": {
      "text": "Hurt Minotaur"
    },
    "background": "minecraft:textures/block/black_concrete_powder.png",
    "frame": "task",
    "show_toast": false,
    "announce_to_chat": false,
    "hidden": true
    },
    "criteria": {
    "gatinho:litch": {
      "trigger": "minecraft:player_hurt_entity",
      "conditions": {
            "entity": {
                "nbt": "{Tags:[\"minotaur\"]}"
            }
        }
      }
    },
    "rewards": {
        "function": "gatkong:minotaur/hurtminotaur"
    }
}