{
    "pools": [
        {
            "rolls": 2,
            "entries": [
                {
                    "type": "item",
                    "weight": 1,
                    "name": "minecraft:diamond",
                    "functions": [
                        {
                            "function": "set_count",
                            "count": {
                                "min": 1,
                                "max": 10
                            }
                        }
                    ]
                },
                {
                    "type": "item",
                    "weight": 1,
                    "name": "minecraft:iron_ingot",
                    "functions": [
                        {
                            "function": "set_count",
                            "count": {
                                "min": 3,
                                "max": 30
                            }
                        }
                    ]
                }
            ]
        }
    ]
}