{
    "type": "minecraft:crafting_shaped",
    "pattern": [
        "#/I",
        "SL/",
        "SS#"
    ],
    "key": {
        "#": {
            "item": "minecraft:diamond"
        },
        "/": {
            "item": "minecraft:blaze_rod"
        },
        "I": {
            "item": "minecraft:netherite_ingot"
        },
        "L": {
            "item": "minecraft:gold_ingot"
        },
        "S": {
            "item": "minecraft:string"
        }
    },
    "result": {
        "item": "minecraft:knowledge_book"
    }
}