{
  "pools": [
    {
      "rolls": 1,
      "entries": [
        {
          "type": "item",
          "name": "minecraft:potato",
          "weight": 7,
          "functions": [
            {
              "function": "set_count",
              "count": {
                "min": 1024,
                "max": 1024
              }
            }
          ]
        },
        {
          "type": "item",
          "name": "minecraft:apple",
          "weight": 7,
          "functions": [
            {
              "function": "set_count",
              "count": {
                "min": 1024,
                "max": 1024
              }
            }
          ]
        },
        {
          "type": "item",
          "name": "minecraft:carrot",
          "weight": 7,
          "functions": [
            {
              "function": "set_count",
              "count": {
                "min": 1024,
                "max": 1024
              }
            }
          ]
        },
        {
          "type": "item",
          "name": "minecraft:wheat",
          "weight": 7,
          "functions": [
            {
              "function": "set_count",
              "count": {
                "min": 1024,
                "max": 1024
              }
            }
          ]
        },
        {
          "type": "item",
          "name": "minecraft:coal",
          "weight": 6,
          "functions": [
            {
              "function": "set_count",
              "count": {
                "min": 1024,
                "max": 1024
              }
            }
          ]
        },
        {
          "type": "item",
          "name": "minecraft:pumpkin",
          "weight": 2,
          "functions": [
            {
              "function": "set_count",
              "count": {
                "min": 1024,
                "max": 1024
              }
            }
          ]
        },
        {
          "type": "item",
          "name": "minecraft:gunpowder",
          "weight": 3,
          "functions": [
            {
              "function": "set_count",
              "count": {
                "min": 1024,
                "max": 1024
              }
            }
          ]
        },
        {
          "type": "item",
          "name": "minecraft:tnt",
          "weight": 1,
          "functions": [
            {
              "function": "set_count",
              "count": {
                "min": 1024,
                "max": 1024
              }
            }
          ]
        },
        {
          "type": "item",
          "name": "minecraft:leather_boots",
          "weight": 3,
          "functions": [
            {
                "function": "enchant_randomly"
            },
            {
              "function": "set_count",
              "count": {
                "min": 1,
                "max": 20
              }
            }
          ]
        },
        {
          "type": "item",
          "name": "minecraft:leather_helmet",
          "weight": 3,
          "functions": [
            {
                "function": "enchant_randomly"
            },
            {
              "function": "set_count",
              "count": {
                "min": 1,
                "max": 20
              }
            }
          ]
        },
        {
          "type": "item",
          "name": "minecraft:leather_leggings",
          "weight": 3,
          "functions": [
            {
                "function": "enchant_randomly"
            },
            {
              "function": "set_count",
              "count": {
                "min": 1,
                "max": 20
              }
            }
          ]
        },
        {
          "type": "item",
          "name": "minecraft:leather_chestplate",
          "weight": 3,
          "functions": [
            {
                "function": "enchant_randomly"
            },
            {
              "function": "set_count",
              "count": {
                "min": 1,
                "max": 20
              }
            }
          ]
        }
      ]
    }
  ]
}