{
  "type": "minecraft:entity",
  "pools": [
    {
      "rolls": 1,
      "entries": [
		{
          "type": "minecraft:item",
          "functions": [{"function": "minecraft:set_count","count": {"min": 1.0,"max": 1.0}},{"function": "minecraft:set_nbt","tag": "{Biome:Forest}"}],
          "conditions": [{"condition": "minecraft:location_check","predicate": {"biome": "dark_forest"}}],		  
          "name": "minecraft:structure_void"
        },
		{
          "type": "minecraft:item",
          "functions": [{"function": "minecraft:set_count","count": {"min": 1.0,"max": 1.0}},{"function": "minecraft:set_nbt","tag": "{Biome:Forest}"}],
          "conditions": [{"condition": "minecraft:location_check","predicate": {"biome": "dark_forest_hills"}}],		  
          "name": "minecraft:structure_void"
        }
      ]
    }
  ]
}