{
  "pools": [
    {
      "rolls": {
        "min": 5,
        "max": 15
      },
      "entries": [
        {
          "type": "minecraft:item",
          "name": "minecraft:torch"
        },
        {
          "type": "minecraft:item",
          "name": "minecraft:emerald"
        },
        {
          "type": "minecraft:item",
          "name": "minecraft:bone"
        }
      ]
    },
    {
      "rolls": {
        "min": 0,
        "max": 2
      },
      "entries": [
        {
          "type": "minecraft:item",
          "name": "minecraft:stone_pickaxe"
        },
        {
          "type": "minecraft:item",
          "name": "minecraft:stone_sword"
        },
        {
          "type": "minecraft:item",
          "name": "minecraft:milk_bucket"
        }
      ]
    },
    {
      "rolls": {
        "min": 3,
        "max": 5
      },
      "entries": [
        {
          "type": "minecraft:item",
          "name": "minecraft:redstone"
        },
        {
          "type": "minecraft:item",
          "name": "minecraft:iron_ingot"
        },
        {
          "type": "minecraft:item",
          "name": "minecraft:gold_ingot"
        },
        {
          "type": "minecraft:item",
          "name": "minecraft:diamond",
          "conditions": [
            {
              "condition": "minecraft:random_chance",
              "chance": 0.4
            }
          ]
        },
        {
          "type": "minecraft:item",
          "name": "minecraft:lapis_lazuli"
        },
        {
          "type": "minecraft:item",
          "name": "minecraft:quartz",
          "conditions": [
            {
              "condition": "minecraft:random_chance",
              "chance": 0.8
            }
          ]
        }
      ]
    }
  ]
}