{
  "pools": [
    {
      "rolls": 1,
      "entries": [
        {
          "type": "minecraft:item",
          "name": "minecraft:nether_wart_block",
          "weight": 1
        },
        {
          "type": "minecraft:item",
          "name": "minecraft:soul_sand",
          "weight": 1
        },
        {
          "type": "minecraft:item",
          "name": "minecraft:stone_pickaxe",
          "weight": 2
        },
        {
          "type": "minecraft:item",
          "name": "minecraft:golden_pickaxe",
          "weight": 2
        },
        {
          "type": "minecraft:item",
          "name": "minecraft:cooked_porkchop",
          "weight": 2
        },
        {
          "type": "minecraft:item",
          "name": "minecraft:porkchop",
          "weight": 2
        }
      ]
    }
  ]
}