{
  "pools": [
    {
      "rolls": 1,
      "entries": [
        {
          "type": "minecraft:item",
          "name": "minecraft:blaze_powder",
          "weight": 1
        },
        {
          "type": "minecraft:item",
          "name": "minecraft:dead_bush",
          "weight": 3
        },
        {
          "type": "minecraft:item",
          "name": "minecraft:nether_brick",
          "weight": 2
        },
        {
          "type": "minecraft:item",
          "name": "minecraft:fire_charge",
          "weight": 1
        },
        {
          "type": "minecraft:item",
          "name": "minecraft:coal",
          "weight": 3,
          "functions": [
            {
              "function": "minecraft:set_count",
              "count": 2,
              "conditions": [
                {
                  "condition": "minecraft:random_chance",
                  "chance": 0.5
                }
              ]
            }
          ]
        },
        {
          "type": "minecraft:item",
          "name": "minecraft:gold_nugget",
          "weight": 3,
          "functions": [
            {
              "function": "minecraft:set_count",
              "count": 2,
              "conditions": [
                {
                  "condition": "minecraft:random_chance",
                  "chance": 0.5
                }
              ]
            }
          ]
        },
        {
          "type": "minecraft:item",
          "name": "minecraft:quartz",
          "weight": 1
        },
        {
          "type": "minecraft:item",
          "name": "minecraft:nether_wart",
          "weight": 3
        }
      ]
    }
  ]
}