{
  "pools": [
    {
      "rolls": 20,
      "entries": [
        {
          "type": "minecraft:loot_table",
          "name": "cave:nether_village_chest_misc",
          "weight": 4
        },
        {
          "type": "minecraft:loot_table",
          "name": "cave:nether_village_chest_other",
          "weight": 1,
          "conditions": [
            {
              "condition": "minecraft:random_chance",
              "chance": 0.8
            }
          ]
        },
        {
          "type": "minecraft:loot_table",
          "name": "cave:nether_village_chest_armor",
          "weight": 3,
          "conditions": [
            {
              "condition": "minecraft:random_chance",
              "chance": 0.6
            }
          ]
        }
      ]
    }
  ]
}