{
  "pools": [
    {
      "rolls": {
        "min": 10,
        "max": 15
      },
      "entries": [
        {
          "type": "minecraft:item",
          "name": "minecraft:scute",
          "weight": 1
        },
        {
          "type": "minecraft:item",
          "name": "minecraft:diamond",
          "weight": 4
        },
        {
          "type": "minecraft:item",
          "name": "minecraft:glowstone_dust",
          "weight": 7
        },
        {
          "type": "minecraft:item",
          "name": "minecraft:prismarine_crystals",
          "weight": 7
        },
        {
          "type": "minecraft:item",
          "name": "minecraft:lapis_lazuli",
          "weight": 7
        },
        {
          "type": "minecraft:item",
          "name": "minecraft:ender_eye",
          "weight": 5
        },
        {
          "type": "minecraft:item",
          "name": "minecraft:emerald",
          "weight": 6
        },
        {
          "type": "minecraft:item",
          "name": "minecraft:heart_of_the_sea",
          "weight": 2
        },
        {
          "type": "minecraft:item",
          "name": "minecraft:experience_bottle",
          "weight": 7
        }
      ]
    }
  ]
}