{
  "pools": [
    {
      "rolls": {
        "min": 10,
        "max": 15
      },
      "entries": [
        {
          "type": "minecraft:item",
          "name": "minecraft:scute",
          "weight": 2
        },
        {
          "type": "minecraft:item",
          "name": "minecraft:diamond",
          "weight": 5
        },
        {
          "type": "minecraft:item",
          "name": "minecraft:flint",
          "weight": 4
        },
        {
          "type": "minecraft:item",
          "name": "minecraft:blaze_rod",
          "weight": 4
        },
        {
          "type": "minecraft:item",
          "name": "minecraft:prismarine_shard",
          "weight": 7
        },
        {
          "type": "minecraft:item",
          "name": "minecraft:ender_eye",
          "weight": 4
        },
        {
          "type": "minecraft:item",
          "name": "minecraft:emerald",
          "weight": 6
        },
        {
          "type": "minecraft:item",
          "name": "minecraft:quartz",
          "weight": 4
        },
        {
          "type": "minecraft:item",
          "name": "minecraft:nautilus_shell",
          "weight": 2
        },
        {
          "type": "minecraft:item",
          "name": "minecraft:diamond_pickaxe",
          "weight": 2,
          "functions": [
            {
              "function": "minecraft:enchant_randomly",
              "enchantments": [
                "minecraft:efficiency",
                "minecraft:fortune",
                "minecraft:silk_touch",
                "minecraft:unbreaking"
              ]
            }
          ]
        },
        {
          "type": "minecraft:item",
          "name": "minecraft:diamond_boots",
          "weight": 2,
          "functions": [
            {
              "function": "minecraft:enchant_randomly",
              "enchantments": [
                "minecraft:depth_strider",
                "minecraft:feather_falling",
                "minecraft:mending",
                "minecraft:projectile_protection",
                "minecraft:protection",
                "minecraft:unbreaking"
              ]
            }
          ]
        }
      ]
    }
  ]
}