{
  "pools": [
    {
      "rolls": {
        "min": 8,
        "max": 16
      },
      "entries": [
        {
          "type": "minecraft:item",
          "name": "minecraft:scute",
          "weight": 20
        },
        {
          "type": "minecraft:item",
          "name": "minecraft:vine",
          "weight": 50
        },
        {
          "type": "minecraft:item",
          "name": "minecraft:ender_pearl",
          "weight": 50
        },
        {
          "type": "minecraft:item",
          "name": "minecraft:kelp",
          "weight": 50
        },
        {
          "type": "minecraft:item",
          "name": "minecraft:feather",
          "weight": 50
        },
        {
          "type": "minecraft:item",
          "name": "minecraft:string",
          "weight": 50
        },
        {
          "type": "minecraft:item",
          "name": "minecraft:emerald",
          "weight": 60
        },
        {
          "type": "minecraft:item",
          "name": "minecraft:diamond",
          "weight": 40
        },
        {
          "type": "minecraft:item",
          "name": "minecraft:prismarine_crystals",
          "weight": 50
        },
        {
          "type": "minecraft:item",
          "name": "minecraft:golden_hoe",
          "weight": 3,
          "functions": [
            {
              "function": "minecraft:set_nbt",
              "tag": "{Unbreakable:1,display:{Name:'{\"text\":\"Ancient Hoe\",\"italic\":\"false\"}'},Enchantments:[{id:\"efficiency\",lvl:10},{id:\"fortune\",lvl:5},{id:\"knockback\",lvl:3}]}"
            }
          ]
        }
      ]
    }
  ]
}