{
	"condition": "minecraft:alternative",
	"terms": [
		{
			"condition": "minecraft:location_check",
			"predicate": {
				"biome": "minecraft:badlands"
			}
		},
		{
			"condition": "minecraft:location_check",
			"predicate": {
				"biome": "minecraft:badlands_plateau"
			}
		},
		{
			"condition": "minecraft:location_check",
			"predicate": {
				"biome": "minecraft:wooded_badlands_plateau"
			}
		},
		{
			"condition": "minecraft:location_check",
			"predicate": {
				"biome": "minecraft:modified_badlands_plateau"
			}
		},
		{
			"condition": "minecraft:location_check",
			"predicate": {
				"biome": "minecraft:modified_wooded_badlands_plateau"
			}
		},
		{
			"condition": "minecraft:location_check",
			"predicate": {
				"biome": "minecraft:eroded_badlands"
			}
		}
	]
}