{
	"condition": "minecraft:alternative",
	"terms": [
		{
			"condition": "minecraft:location_check",
			"predicate": {
				"biome": "minecraft:giant_tree_taiga"
			}
		},
		{
			"condition": "minecraft:location_check",
			"predicate": {
				"biome": "minecraft:giant_tree_taiga_hills"
			}
		},
		{
			"condition": "minecraft:location_check",
			"predicate": {
				"biome": "minecraft:giant_spruce_taiga"
			}
		},
		{
			"condition": "minecraft:location_check",
			"predicate": {
				"biome": "minecraft:giant_spruce_taiga_hills"
			}
		}
	]
}