{
	"condition": "minecraft:alternative",
	"terms": [
		{
			"condition": "minecraft:location_check",
			"predicate": {
				"biome": "minecraft:jungle"
			}
		},
		{
			"condition": "minecraft:location_check",
			"predicate": {
				"biome": "minecraft:jungle_hills"
			}
		},
		{
			"condition": "minecraft:location_check",
			"predicate": {
				"biome": "minecraft:jungle_edge"
			}
		},
		{
			"condition": "minecraft:location_check",
			"predicate": {
				"biome": "minecraft:modified_jungle"
			}
		},
		{
			"condition": "minecraft:location_check",
			"predicate": {
				"biome": "minecraft:modified_jungle_edge"
			}
		},
		{
			"condition": "minecraft:location_check",
			"predicate": {
				"biome": "minecraft:bamboo_jungle"
			}
		}
	]
}