{
	"condition": "minecraft:alternative",
	"terms": [
		{
			"condition": "minecraft:location_check",
			"predicate": {
				"biome": "minecraft:ocean"
			}
		},
		{
			"condition": "minecraft:location_check",
			"predicate": {
				"biome": "minecraft:cold_ocean"
			}
		},
		{
			"condition": "minecraft:location_check",
			"predicate": {
				"biome": "minecraft:lukewarm_ocean"
			}
		},
		{
			"condition": "minecraft:location_check",
			"predicate": {
				"biome": "minecraft:warm_ocean"
			}
		},
		{
			"condition": "minecraft:location_check",
			"predicate": {
				"biome": "minecraft:deep_ocean"
			}
		},
		{
			"condition": "minecraft:location_check",
			"predicate": {
				"biome": "minecraft:deep_cold_ocean"
			}
		},
		{
			"condition": "minecraft:location_check",
			"predicate": {
				"biome": "minecraft:deep_lukewarm_ocean"
			}
		},
		{
			"condition": "minecraft:location_check",
			"predicate": {
				"biome": "minecraft:deep_warm_ocean"
			}
		}
	]
}