{

	"textures": {

		"0": "texture/bear_trap",

		"particle": "texture/bear_trap"

	},
	"elements": [

		{

			"from": [0, 0, 0],

			"to": [16, 0, 16],

			"faces": {

				"up": {"uv": [0, 0, 16, 16], "texture": "#0"},
				"down": {"uv": [0, 0, 16, 16], "texture": "#0"}
			}

		}

	],

	"display":{

		"thirdperson_righthand": {

			"scale": [0.75, 0.75, 0.75],

			"rotation": [75, -45, 0],

			"translation": [0, 4.5, 6]

		},

		"head": {

			"scale": [1.6, 1.61, 1.62],

			"translation": [0, -29.95, 0.01]

		},

		"ground": {

			"scale": [0.55, 0.55, 0.55],

			"rotation": [0, 0, 0],

			"translation": [0, 3, 0]

		},

		"fixed": {

			"scale": [0.55, 0.55, 0.55],

			"rotation": [0, 0, 0],

			"translation": [0, 0, 0]

		},

		"gui": {

			"scale": [0.625, 0.625, 0.625],

			"rotation": [30, 45, 0],

			"translation": [0, 0, 0]

		},

		"firstperson_lefthand": {

			"scale": [0.75, 0.75, 0.75],

			"rotation": [0, -55, 0],

			"translation": [0, 5, -3]

		},

		"firstperson_righthand": {

			"scale": [0.75, 0.75, 0.75],

			"rotation": [0, -55, 0],

			"translation": [0, 5, -3]

		},

		"thirdperson_lefthand": {

			"scale": [0.75, 0.75, 0.75],

			"rotation": [75, -45, 0],

			"translation": [0, 4.5, 6]

		}

	}

}