{

	"textures": {

		"0": "texture/cave_helmet",

		"particle": "texture/cave_helmet"

	},
	"elements": [

		{

			"from": [-0.01, -0.01, -0.01],

			"to": [16.01, 16.01, 16.01],

			"faces": {
				"west": {"uv": [0, 8, 8, 16], "texture": "#0"},
				"north": {"uv": [0, 0, 8, 8], "texture": "#0"},
				"east": {"uv": [8, 0, 16, 8], "texture": "#0"}
			}

		}

	],

	"display":{

		"thirdperson_righthand": {

			"scale": [0.55, 0.55, 0.55],

			"rotation": [75, 0, 0],

			"translation": [0, 0, 2]

		},

		"head": {

			"scale": [1, 1, 1],

			"translation": [0, 0, 0]

		},

		"ground": {

			"scale": [0.55, 0.55, 0.55],

			"rotation": [0, 0, 0],

			"translation": [0, 3, 0]

		},

		"fixed": {

			"scale": [0.55, 0.55, 0.55],

			"rotation": [0, 0, 0],

			"translation": [0, 0, 0]

		},

		"gui": {

			"scale": [0.625, 0.625, 0.625],

			"rotation": [30, 135, 0],

			"translation": [0, 0, 0]

		},

		"firstperson_lefthand": {

			"scale": [0.75, 0.75, 0.75],

			"rotation": [0, -55, 0],

			"translation": [0, 5, -3]

		},

		"firstperson_righthand": {

			"scale": [0.75, 0.75, 0.75],

			"rotation": [0, -55, 0],

			"translation": [0, 5, -3]

		},

		"thirdperson_lefthand": {

			"scale": [0.55, 0.55, 0.55],

			"rotation": [75, 0, 0],

			"translation": [0, 0, 2]

		}

	}

}