{
  "parent": "item/handheld",
  "textures": {
    "layer0": "texture/invisibility_totem"
  },
  "display": {
    "thirdperson_righthand": {
      "rotation": [ -90, 0, 0 ],
      "translation": [ 0, 1, -3 ],
      "scale": [ 0, 0, 0 ]
    },
    "firstperson_lefthand": {
      "rotation": [ 0, -90, 25 ],
      "translation": [ 0, 4, 2 ],
      "scale": [ 0.55, 0.55, 0.55 ]
    },
    "thirdperson_lefthand": {
      "rotation": [ 0, -90, 25 ],
      "translation": [ 0, 4, 2 ],
      "scale": [ 0, 0, 0 ]
    }
  }
}