{"type":"chest","pools":[{"rolls":1,"entries":[{"type":"item","weight":54,"name":"minecraft:enchanted_book","functions":[{"function":"set_count","count":1},{"function":"set_nbt","tag":"{StoredEnchantments:[{id:\"minecraft:power\",lvl:1s}]}"}]},{"type":"item","weight":27,"name":"minecraft:enchanted_book","functions":[{"function":"set_count","count":1},{"function":"set_nbt","tag":"{StoredEnchantments:[{id:\"minecraft:power\",lvl:2s}]}"}]},{"type":"item","weight":9,"name":"minecraft:enchanted_book","functions":[{"function":"set_count","count":1},{"function":"set_nbt","tag":"{StoredEnchantments:[{id:\"minecraft:power\",lvl:3s}]}"}]},{"type":"item","weight":5,"name":"minecraft:enchanted_book","functions":[{"function":"set_count","count":1},{"function":"set_nbt","tag":"{StoredEnchantments:[{id:\"minecraft:power\",lvl:4s}]}"}]},{"type":"item","weight":3,"name":"minecraft:enchanted_book","functions":[{"function":"set_count","count":1},{"function":"set_nbt","tag":"{StoredEnchantments:[{id:\"minecraft:power\",lvl:5s}]}"}]},{"type":"item","weight":54,"name":"minecraft:enchanted_book","functions":[{"function":"set_count","count":1},{"function":"set_nbt","tag":"{StoredEnchantments:[{id:\"minecraft:punch\",lvl:1s}]}"}]},{"type":"item","weight":3,"name":"minecraft:enchanted_book","functions":[{"function":"set_count","count":1},{"function":"set_nbt","tag":"{StoredEnchantments:[{id:\"minecraft:punch\",lvl:2s}]}"}]}]},{"rolls":{"min":2,"max":3},"entries":[{"type":"item","weight":1,"name":"minecraft:bone_meal","functions":[{"function":"set_count","count":{"min":1,"max":7}}]},{"type":"item","weight":1,"name":"minecraft:bone","functions":[{"function":"set_count","count":{"min":1,"max":7}}]},{"type":"item","weight":1,"name":"minecraft:arrow","functions":[{"function":"set_count","count":{"min":1,"max":16}}]},{"type":"item","weight":1,"name":"minecraft:milk_bucket","functions":[{"function":"set_count","count":1}]}]},{"rolls":1,"entries":[{"type":"item","weight":95,"name":"minecraft:golden_apple","functions":[{"function":"set_count","count":1}]},{"type":"item","weight":5,"name":"minecraft:enchanted_golden_apple","functions":[{"function":"set_count","count":1}]}]}]}
