{"type":"chest","pools":[{"rolls":{"min":2,"max":3},"entries":[{"type":"item","weight":1,"name":"minecraft:rabbit","functions":[{"function":"set_count","count":{"min":1,"max":6}}]},{"type":"item","weight":1,"name":"minecraft:cooked_rabbit","functions":[{"function":"set_count","count":{"min":1,"max":6}}]},{"type":"item","weight":1,"name":"minecraft:rabbit_stew","functions":[{"function":"set_count","count":{"min":1,"max":3}}]}]},{"rolls":{"min":2,"max":3},"entries":[{"type":"item","weight":2,"name":"minecraft:iron_ingot","functions":[{"function":"set_count","count":{"min":3,"max":6}}]},{"type":"item","weight":1,"name":"minecraft:diamond","functions":[{"function":"set_count","count":{"min":1,"max":2}}]},{"type":"item","weight":2,"name":"minecraft:bone","functions":[{"function":"set_count","count":{"min":1,"max":6}}]}]},{"rolls":1,"entries":[{"type":"item","weight":1,"name":"minecraft:tipped_arrow","functions":[{"function":"set_count","count":{"min":10,"max":16}},{"function":"set_nbt","tag":"{CustomPotionEffects:[{Id:2b,Amplifier:4b,Duration:100},{Id:15b,Amplifier:0b,Duration:120},{Id:18b,Amplifier:4b,Duration:100}],CustomPotionColor:5926017}"},{"function":"set_name","name":[{"text":"Arrow of Strayer","color":"gold","italic":false}]}]}]}]}
