{
	"credit": "Made with Blockbench",
	"textures": {
		"2": "redstone/iron_block",
		"3": "redstone/steve",
		"particle": "redstone/steve"
	},
	"elements": [
		{
			"from": [7, 9, 7.75],
			"to": [9, 10.25, 9],
			"rotation": {"angle": 0, "axis": "y", "origin": [4, 8, 4]},
			"faces": {
				"north": {"uv": [0, 0, 1, 0.25], "texture": "#2"},
				"east": {"uv": [0, 0, 1, 0.25], "texture": "#2"},
				"south": {"uv": [0, 0, 1, 0.25], "texture": "#2"},
				"west": {"uv": [0, 0, 0.25, 0.25], "texture": "#2"},
				"up": {"uv": [0, 0, 1, 0.25], "texture": "#2"},
				"down": {"uv": [0, 0, 1, 0.25], "texture": "#2"}
			}
		},
		{
			"from": [7, 0, 7],
			"to": [9, 9, 9],
			"rotation": {"angle": 0, "axis": "y", "origin": [4, 8, 4]},
			"faces": {
				"north": {"uv": [0, 0, 2, 9], "texture": "#2"},
				"east": {"uv": [0, 0, 2, 9], "texture": "#2"},
				"south": {"uv": [0, 0, 2, 9], "texture": "#2"},
				"west": {"uv": [0, 0, 2, 9], "texture": "#2"},
				"up": {"uv": [0, 0, 2, 2], "texture": "#2"},
				"down": {"uv": [0, 0, 2, 2], "texture": "#2"}
			}
		},
		{
			"from": [4, 8, 4.85],
			"to": [12, 16, 6],
			"rotation": {"angle": 45, "axis": "x", "origin": [4, 8, 4]},
			"faces": {
				"north": {"uv": [0, 0, 16, 16], "texture": "#3"},
				"east": {"uv": [0, 0, 5, 1.15], "rotation": 90, "texture": "#2"},
				"south": {"uv": [0, 0, 5, 5], "texture": "#2"},
				"west": {"uv": [0, 0, 5, 1.15], "rotation": 270, "texture": "#2"},
				"up": {"uv": [0, 0, 5, 1.15], "texture": "#2"},
				"down": {"uv": [0, 0, 5, 1.15], "rotation": 180, "texture": "#2"}
			}
		},
		{
			"from": [3, 8, 4.35],
			"to": [4, 16, 6],
			"rotation": {"angle": 45, "axis": "x", "origin": [4, 8, 4]},
			"faces": {
				"north": {"uv": [2, 2, 3, 10], "texture": "#2"},
				"east": {"uv": [0, 0, 5, 1.15], "rotation": 90, "texture": "#2"},
				"south": {"uv": [0, 0, 5, 5], "texture": "#2"},
				"west": {"uv": [0, 0, 5, 1.15], "rotation": 270, "texture": "#2"},
				"up": {"uv": [0, 0, 5, 1.15], "texture": "#2"},
				"down": {"uv": [0, 0, 5, 1.15], "rotation": 180, "texture": "#2"}
			}
		},
		{
			"from": [4, 8, 4.35],
			"to": [5, 9, 6],
			"rotation": {"angle": 45, "axis": "x", "origin": [4, 8, 4]},
			"faces": {
				"north": {"uv": [2, 2, 3, 3], "texture": "#2"},
				"east": {"uv": [0, 0, 5, 1.15], "rotation": 90, "texture": "#2"},
				"south": {"uv": [0, 0, 5, 5], "texture": "#2"},
				"west": {"uv": [0, 0, 5, 1.15], "rotation": 270, "texture": "#2"},
				"up": {"uv": [0, 0, 5, 1.15], "texture": "#2"},
				"down": {"uv": [0, 0, 5, 1.15], "rotation": 180, "texture": "#2"}
			}
		},
		{
			"from": [4, 15, 4.35],
			"to": [5, 16, 6],
			"rotation": {"angle": 45, "axis": "x", "origin": [4, 8, 4]},
			"faces": {
				"north": {"uv": [2, 2, 3, 3], "texture": "#2"},
				"east": {"uv": [0, 0, 5, 1.15], "rotation": 90, "texture": "#2"},
				"south": {"uv": [0, 0, 5, 5], "texture": "#2"},
				"west": {"uv": [0, 0, 5, 1.15], "rotation": 270, "texture": "#2"},
				"up": {"uv": [0, 0, 5, 1.15], "texture": "#2"},
				"down": {"uv": [0, 0, 5, 1.15], "rotation": 180, "texture": "#2"}
			}
		},
		{
			"from": [11, 15, 4.35],
			"to": [12, 16, 6],
			"rotation": {"angle": 45, "axis": "x", "origin": [4, 8, 4]},
			"faces": {
				"north": {"uv": [2, 2, 3, 3], "texture": "#2"},
				"east": {"uv": [0, 0, 5, 1.15], "rotation": 90, "texture": "#2"},
				"south": {"uv": [0, 0, 5, 5], "texture": "#2"},
				"west": {"uv": [0, 0, 5, 1.15], "rotation": 270, "texture": "#2"},
				"up": {"uv": [0, 0, 5, 1.15], "texture": "#2"},
				"down": {"uv": [0, 0, 5, 1.15], "rotation": 180, "texture": "#2"}
			}
		},
		{
			"from": [11, 8, 4.35],
			"to": [12, 9, 6],
			"rotation": {"angle": 45, "axis": "x", "origin": [4, 8, 4]},
			"faces": {
				"north": {"uv": [2, 2, 3, 3], "texture": "#2"},
				"east": {"uv": [0, 0, 5, 1.15], "rotation": 90, "texture": "#2"},
				"south": {"uv": [0, 0, 5, 5], "texture": "#2"},
				"west": {"uv": [0, 0, 5, 1.15], "rotation": 270, "texture": "#2"},
				"up": {"uv": [0, 0, 5, 1.15], "texture": "#2"},
				"down": {"uv": [0, 0, 5, 1.15], "rotation": 180, "texture": "#2"}
			}
		},
		{
			"from": [4, 7, 4.35],
			"to": [12, 8, 6],
			"rotation": {"angle": 45, "axis": "x", "origin": [4, 8, 4]},
			"faces": {
				"north": {"uv": [2, 2, 10, 3], "texture": "#2"},
				"east": {"uv": [0, 0, 5, 1.15], "rotation": 90, "texture": "#2"},
				"south": {"uv": [0, 0, 5, 5], "texture": "#2"},
				"west": {"uv": [0, 0, 5, 1.15], "rotation": 270, "texture": "#2"},
				"up": {"uv": [0, 0, 5, 1.15], "texture": "#2"},
				"down": {"uv": [0, 0, 5, 1.15], "rotation": 180, "texture": "#2"}
			}
		},
		{
			"from": [4, 16, 4.35],
			"to": [12, 17, 6],
			"rotation": {"angle": 45, "axis": "x", "origin": [4, 8, 4]},
			"faces": {
				"north": {"uv": [2, 2, 10, 3], "texture": "#2"},
				"east": {"uv": [0, 0, 5, 1.15], "rotation": 90, "texture": "#2"},
				"south": {"uv": [0, 0, 5, 5], "texture": "#2"},
				"west": {"uv": [0, 0, 5, 1.15], "rotation": 270, "texture": "#2"},
				"up": {"uv": [0, 0, 5, 1.15], "texture": "#2"},
				"down": {"uv": [0, 0, 5, 1.15], "rotation": 180, "texture": "#2"}
			}
		},
		{
			"from": [12, 8, 4.35],
			"to": [13, 16, 6],
			"rotation": {"angle": 45, "axis": "x", "origin": [4, 8, 4]},
			"faces": {
				"north": {"uv": [2, 2, 3, 10], "texture": "#2"},
				"east": {"uv": [0, 0, 5, 1.15], "rotation": 90, "texture": "#2"},
				"south": {"uv": [0, 0, 5, 5], "texture": "#2"},
				"west": {"uv": [0, 0, 5, 1.15], "rotation": 270, "texture": "#2"},
				"up": {"uv": [0, 0, 5, 1.15], "texture": "#2"},
				"down": {"uv": [0, 0, 5, 1.15], "rotation": 180, "texture": "#2"}
			}
		}
	],
	"display": {
		"head": {
			"rotation": [0, 45, 0],
			"translation": [7.5, -32, 7.5]
		}
	},
	"groups": [0, 1,
		{
			"name": "dish",
			"origin": [8, 8, 8],
			"children": [2, 3, 4, 5, 6, 7, 8, 9, 10]
		}
	]
}