{
    "parent": "item/handheld_rod",
    "textures": {
        "layer0": "item/warped_fungus_on_a_stick"
    },
	"overrides":
	[
	{"predicate": {"custom_model_data": 6360001},"model": "totems/passive/bat"},
	{"predicate": {"custom_model_data": 6360002},"model": "totems/passive/cat"},
	{"predicate": {"custom_model_data": 6360003},"model": "totems/passive/chicken"},
	{"predicate": {"custom_model_data": 6360004},"model": "totems/passive/cow"},
	{"predicate": {"custom_model_data": 6360005},"model": "totems/passive/dog"},
	{"predicate": {"custom_model_data": 6360006},"model": "totems/passive/fish"},
	{"predicate": {"custom_model_data": 6360007},"model": "totems/passive/fox"},
	{"predicate": {"custom_model_data": 6360008},"model": "totems/passive/horse"},
	{"predicate": {"custom_model_data": 6360009},"model": "totems/passive/mooshroom"},
	{"predicate": {"custom_model_data": 6360010},"model": "totems/passive/ocelot"},
	{"predicate": {"custom_model_data": 6360011},"model": "totems/passive/parrot"},
	{"predicate": {"custom_model_data": 6360012},"model": "totems/passive/pig"},
	{"predicate": {"custom_model_data": 6360013},"model": "totems/passive/sheep"},
	{"predicate": {"custom_model_data": 6360014},"model": "totems/passive/snow_golem"},
	{"predicate": {"custom_model_data": 6360015},"model": "totems/passive/squid"},
	{"predicate": {"custom_model_data": 6360016},"model": "totems/passive/strider"},
	{"predicate": {"custom_model_data": 6360017},"model": "totems/passive/turtle"},
	{"predicate": {"custom_model_data": 6360018},"model": "totems/passive/villager"},
	{"predicate": {"custom_model_data": 6360019},"model": "totems/passive/wandering_trader"},
	{"predicate": {"custom_model_data": 6360020},"model": "totems/passive/wolf"},

	{"predicate": {"custom_model_data": 6360021},"model": "totems/neutral/bee"},
	{"predicate": {"custom_model_data": 6360022},"model": "totems/neutral/cave_spider"},
	{"predicate": {"custom_model_data": 6360023},"model": "totems/neutral/dolphin"},
	{"predicate": {"custom_model_data": 6360024},"model": "totems/neutral/enderman"},
	{"predicate": {"custom_model_data": 6360025},"model": "totems/neutral/iron_golem"},
	{"predicate": {"custom_model_data": 6360026},"model": "totems/neutral/llama"},
	{"predicate": {"custom_model_data": 6360027},"model": "totems/neutral/panda"},
	{"predicate": {"custom_model_data": 6360028},"model": "totems/neutral/piglin"},
	{"predicate": {"custom_model_data": 6360029},"model": "totems/neutral/polar_bear"},
	{"predicate": {"custom_model_data": 6360030},"model": "totems/neutral/pufferfish"},
	{"predicate": {"custom_model_data": 6360031},"model": "totems/neutral/spider"},
	{"predicate": {"custom_model_data": 6360032},"model": "totems/neutral/zombified_piglin"},

	{"predicate": {"custom_model_data": 6360033},"model": "totems/hostile/blaze"},
	{"predicate": {"custom_model_data": 6360034},"model": "totems/hostile/creeper"},
	{"predicate": {"custom_model_data": 6360035},"model": "totems/hostile/drowned"},
	{"predicate": {"custom_model_data": 6360036},"model": "totems/hostile/elder_guardian"},
	{"predicate": {"custom_model_data": 6360037},"model": "totems/hostile/endermite"},
	{"predicate": {"custom_model_data": 6360038},"model": "totems/hostile/evoker"},
	{"predicate": {"custom_model_data": 6360039},"model": "totems/hostile/ghast"},
	{"predicate": {"custom_model_data": 6360040},"model": "totems/hostile/guardian"},
	{"predicate": {"custom_model_data": 6360041},"model": "totems/hostile/hoglin"},
	{"predicate": {"custom_model_data": 6360042},"model": "totems/hostile/husk"},
	{"predicate": {"custom_model_data": 6360043},"model": "totems/hostile/magma_cube"},
	{"predicate": {"custom_model_data": 6360044},"model": "totems/hostile/phantom"},
	{"predicate": {"custom_model_data": 6360045},"model": "totems/hostile/piglin_brute"},
	{"predicate": {"custom_model_data": 6360046},"model": "totems/hostile/pillager"},
	{"predicate": {"custom_model_data": 6360047},"model": "totems/hostile/ravager"},
	{"predicate": {"custom_model_data": 6360048},"model": "totems/hostile/shulker"},
	{"predicate": {"custom_model_data": 6360049},"model": "totems/hostile/silverfish"},
	{"predicate": {"custom_model_data": 6360050},"model": "totems/hostile/skeleton"},
	{"predicate": {"custom_model_data": 6360051},"model": "totems/hostile/slime"},
	{"predicate": {"custom_model_data": 6360052},"model": "totems/hostile/stray"},
	{"predicate": {"custom_model_data": 6360053},"model": "totems/hostile/vex"},
	{"predicate": {"custom_model_data": 6360054},"model": "totems/hostile/witch"},
	{"predicate": {"custom_model_data": 6360055},"model": "totems/hostile/wither_skeleton"},
	{"predicate": {"custom_model_data": 6360056},"model": "totems/hostile/zoglin"},
	{"predicate": {"custom_model_data": 6360057},"model": "totems/hostile/zombie"},

	{"predicate": {"custom_model_data": 6360058},"model": "totems/boss/wither"},
	{"predicate": {"custom_model_data": 6360059},"model": "totems/boss/ender_dragon"},

	{"predicate": {"custom_model_data": 6360060},"model": "totems/hostile/illusioner"}
	]
}
