{
    "parent": "item/handheld",
    "textures": {
        "layer0": "item/wooden_sword"
    },
    "overrides":
	[
    {"predicate": {"custom_model_data": 6370001},"model": "swords/wooden/sponge"},
    {"predicate": {"custom_model_data": 6370002},"model": "swords/wooden/ice"},
    {"predicate": {"custom_model_data": 6370003},"model": "swords/wooden/random"},
    {"predicate": {"custom_model_data": 6370004},"model": "swords/wooden/obsidian"},
    {"predicate": {"custom_model_data": 6370005},"model": "swords/wooden/slime"},
    {"predicate": {"custom_model_data": 6370006},"model": "swords/wooden/stick"},
    {"predicate": {"custom_model_data": 6370007},"model": "swords/wooden/bread"},
    {"predicate": {"custom_model_data": 6370008},"model": "swords/wooden/wet_sponge"},
    {"predicate": {"custom_model_data": 6370009},"model": "swords/wooden/soil"}
    ]
}
