{
    "type": "minecraft:crafting_shaped",
    "pattern": [
        "#NS",
        "CEC",
        "KKK"
    ],
    "key": {
        "#": {
            "item": "minecraft:wither_skeleton_skull"
        },
        "N": {
            "item": "minecraft:nether_star"
        },
        "S": {
            "item": "minecraft:stone_sword"
        },
        "C": {
            "item": "minecraft:coal"
        },
        "E": {
            "item": "minecraft:egg"
        },
        "K": {
            "item": "minecraft:netherrack"
        }
    },
    "result": {
        "item": "minecraft:wither_skeleton_spawn_egg",
        "count": 1
    }
}