{
    "type": "minecraft:crafting_shaped",
    "pattern": [
        "#G#",
        "YEY",
        "NgN"
    ],
    "key": {
        "#": {
            "item": "minecraft:rotten_flesh"
        },
        "G": {
            "item": "minecraft:golden_sword"
        },
        "Y": {
            "item": "minecraft:gold_nugget"
        },
        "E": {
            "item": "minecraft:egg"
        },
        "N": {
            "item": "minecraft:netherrack"
        },
        "g": {
            "item": "minecraft:gold_ingot"
        }
    },
    "result": {
        "item": "minecraft:zombie_pigman_spawn_egg",
        "count": 1
    }
}