{
	"pools": [
		{
			"rolls": 1,
			"entries": [
				{
					"type": "item",
					"name": "minecraft:structure_void",
					"weight": 10,
					"functions": [
						{
							"function": "minecraft:set_nbt",
							"tag": "{arrowchoices:1b,PickupDelay:999s}"
						},
						{
							"function": "minecraft:set_count",
							"count": {
								"min": 1,
								"max": 8
							}
						}
					]
				},
				{
					"type": "item",
					"name": "minecraft:structure_void",
					"weight": 50,
					"functions": [
						{
							"function": "minecraft:set_nbt",
							"tag": "{arrowchoices:1b,PickupDelay:999s}"
						},
						{
							"function": "minecraft:set_count",
							"count": {
								"min": 1,
								"max": 4
							}
						}
					]
				},
				{
					"type": "empty",
					"weight":40
				}
			]
		}
	]
}