{
	"pools": [
		{
			"rolls": 1,
			"entries": [
				{
					"type": "item",
					"name": "minecraft:structure_void",
					"weight": 1,
					"functions": [
						{
							"function": "minecraft:set_nbt",
							"tag": "{crossbowchoices:1b,PickupDelay:999s}"
						},
						{
							"function": "minecraft:set_count",
							"count": {
								"min": 1,
								"max": 3
							}
						}
					]
				},
				{
					"type": "item",
					"name": "minecraft:structure_void",
					"weight": 9,
					"functions": [
						{
							"function": "minecraft:set_nbt",
							"tag": "{crossbowchoices:1b,PickupDelay:999s}"
						},
						{
							"function": "minecraft:set_count",
							"count": {
								"min": 1,
								"max": 2
							}
						}
					]
				},
				{
					"type": "item",
					"name": "minecraft:structure_void",
					"weight": 30,
					"functions": [
						{
							"function": "minecraft:set_nbt",
							"tag": "{crossbowchoices:1b,PickupDelay:999s}"
						},
						{
							"function": "minecraft:set_count",
							"count": {
								"min": 1,
								"max": 1
							}
						}
					]
				},
				{
					"type": "empty",
					"weight":60
				}
			]
		}
	]
}