{
    "condition": "minecraft:alternative",
    "terms": [
      { "condition": "minecraft:entity_scores", "entity": "this", "scores": { "pbbs.cs.000037": { "min": 1, "max": 99999 } } },
      { "condition": "minecraft:entity_scores", "entity": "this", "scores": { "pbbs.cs.000038": { "min": 1, "max": 99999 } } },
      { "condition": "minecraft:entity_scores", "entity": "this", "scores": { "pbbs.cs.000039": { "min": 1, "max": 99999 } } },
      { "condition": "minecraft:entity_scores", "entity": "this", "scores": { "pbbs.cs.000041": { "min": 1, "max": 99999 } } },
      { "condition": "minecraft:entity_scores", "entity": "this", "scores": { "pbbs.cs.000045": { "min": 1, "max": 99999 } } },
      { "condition": "minecraft:entity_scores", "entity": "this", "scores": { "pbbs.cs.000048": { "min": 1, "max": 99999 } } },
      { "condition": "minecraft:entity_scores", "entity": "this", "scores": { "pbbs.cs.000049": { "min": 1, "max": 99999 } } },
      { "condition": "minecraft:entity_scores", "entity": "this", "scores": { "pbbs.cs.000050": { "min": 1, "max": 99999 } } },
      { "condition": "minecraft:entity_scores", "entity": "this", "scores": { "pbbs.cs.000052": { "min": 1, "max": 99999 } } },
      { "condition": "minecraft:entity_scores", "entity": "this", "scores": { "pbbs.cs.000057": { "min": 1, "max": 99999 } } },
      { "condition": "minecraft:entity_scores", "entity": "this", "scores": { "pbbs.cs.000070": { "min": 1, "max": 99999 } } },
      { "condition": "minecraft:entity_scores", "entity": "this", "scores": { "pbbs.cs.000071": { "min": 1, "max": 99999 } } },
      { "condition": "minecraft:entity_scores", "entity": "this", "scores": { "pbbs.cs.000072": { "min": 1, "max": 99999 } } },
      { "condition": "minecraft:entity_scores", "entity": "this", "scores": { "pbbs.cs.000074": { "min": 1, "max": 99999 } } },
      { "condition": "minecraft:entity_scores", "entity": "this", "scores": { "pbbs.cs.000078": { "min": 1, "max": 99999 } } },
      { "condition": "minecraft:entity_scores", "entity": "this", "scores": { "pbbs.cs.000106": { "min": 1, "max": 99999 } } },
      { "condition": "minecraft:entity_scores", "entity": "this", "scores": { "pbbs.cs.000112": { "min": 1, "max": 99999 } } },
      { "condition": "minecraft:entity_scores", "entity": "this", "scores": { "pbbs.cs.000113": { "min": 1, "max": 99999 } } },
      { "condition": "minecraft:entity_scores", "entity": "this", "scores": { "pbbs.cs.000114": { "min": 1, "max": 99999 } } },
      { "condition": "minecraft:entity_scores", "entity": "this", "scores": { "pbbs.cs.000116": { "min": 1, "max": 99999 } } },
      { "condition": "minecraft:entity_scores", "entity": "this", "scores": { "pbbs.cs.000120": { "min": 1, "max": 99999 } } },
      { "condition": "minecraft:entity_scores", "entity": "this", "scores": { "pbbs.cs.000173": { "min": 1, "max": 99999 } } },
      { "condition": "minecraft:entity_scores", "entity": "this", "scores": { "pbbs.cs.000200": { "min": 1, "max": 99999 } } },
      { "condition": "minecraft:entity_scores", "entity": "this", "scores": { "pbbs.cs.000201": { "min": 1, "max": 99999 } } },
      { "condition": "minecraft:entity_scores", "entity": "this", "scores": { "pbbs.cs.000202": { "min": 1, "max": 99999 } } },
      { "condition": "minecraft:entity_scores", "entity": "this", "scores": { "pbbs.cs.000204": { "min": 1, "max": 99999 } } },
      { "condition": "minecraft:entity_scores", "entity": "this", "scores": { "pbbs.cs.000208": { "min": 1, "max": 99999 } } },
      { "condition": "minecraft:entity_scores", "entity": "this", "scores": { "pbbs.cs.000209": { "min": 1, "max": 99999 } } },
      { "condition": "minecraft:entity_scores", "entity": "this", "scores": { "pbbs.cs.000210": { "min": 1, "max": 99999 } } },
      { "condition": "minecraft:entity_scores", "entity": "this", "scores": { "pbbs.cs.000211": { "min": 1, "max": 99999 } } },
      { "condition": "minecraft:entity_scores", "entity": "this", "scores": { "pbbs.cs.000213": { "min": 1, "max": 99999 } } },
      { "condition": "minecraft:entity_scores", "entity": "this", "scores": { "pbbs.cs.000217": { "min": 1, "max": 99999 } } },
      { "condition": "minecraft:entity_scores", "entity": "this", "scores": { "pbbs.cs.000259": { "min": 1, "max": 99999 } } },
      { "condition": "minecraft:entity_scores", "entity": "this", "scores": { "pbbs.cs.000260": { "min": 1, "max": 99999 } } },
      { "condition": "minecraft:entity_scores", "entity": "this", "scores": { "pbbs.cs.000261": { "min": 1, "max": 99999 } } },
      { "condition": "minecraft:entity_scores", "entity": "this", "scores": { "pbbs.cs.000262": { "min": 1, "max": 99999 } } },
      { "condition": "minecraft:entity_scores", "entity": "this", "scores": { "pbbs.cs.000263": { "min": 1, "max": 99999 } } },
      { "condition": "minecraft:entity_scores", "entity": "this", "scores": { "pbbs.cs.000264": { "min": 1, "max": 99999 } } },
      { "condition": "minecraft:entity_scores", "entity": "this", "scores": { "pbbs.cs.000265": { "min": 1, "max": 99999 } } },
      { "condition": "minecraft:entity_scores", "entity": "this", "scores": { "pbbs.cs.000268": { "min": 1, "max": 99999 } } },
      { "condition": "minecraft:entity_scores", "entity": "this", "scores": { "pbbs.cs.000269": { "min": 1, "max": 99999 } } },
      { "condition": "minecraft:entity_scores", "entity": "this", "scores": { "pbbs.cs.000270": { "min": 1, "max": 99999 } } },
      { "condition": "minecraft:entity_scores", "entity": "this", "scores": { "pbbs.cs.000271": { "min": 1, "max": 99999 } } },
      { "condition": "minecraft:entity_scores", "entity": "this", "scores": { "pbbs.cs.000276": { "min": 1, "max": 99999 } } },
      { "condition": "minecraft:entity_scores", "entity": "this", "scores": { "pbbs.cs.000277": { "min": 1, "max": 99999 } } },
      { "condition": "minecraft:entity_scores", "entity": "this", "scores": { "pbbs.cs.000278": { "min": 1, "max": 99999 } } },
      { "condition": "minecraft:entity_scores", "entity": "this", "scores": { "pbbs.cs.000279": { "min": 1, "max": 99999 } } },
      { "condition": "minecraft:entity_scores", "entity": "this", "scores": { "pbbs.cs.000281": { "min": 1, "max": 99999 } } },
      { "condition": "minecraft:entity_scores", "entity": "this", "scores": { "pbbs.cs.000285": { "min": 1, "max": 99999 } } },
      { "condition": "minecraft:entity_scores", "entity": "this", "scores": { "pbbs.cs.000287": { "min": 1, "max": 99999 } } },
      { "condition": "minecraft:entity_scores", "entity": "this", "scores": { "pbbs.cs.000288": { "min": 1, "max": 99999 } } },
      { "condition": "minecraft:entity_scores", "entity": "this", "scores": { "pbbs.cs.000289": { "min": 1, "max": 99999 } } },
      { "condition": "minecraft:entity_scores", "entity": "this", "scores": { "pbbs.cs.000291": { "min": 1, "max": 99999 } } },
      { "condition": "minecraft:entity_scores", "entity": "this", "scores": { "pbbs.cs.000295": { "min": 1, "max": 99999 } } },
      { "condition": "minecraft:entity_scores", "entity": "this", "scores": { "pbbs.cs.000297": { "min": 1, "max": 99999 } } },
      { "condition": "minecraft:entity_scores", "entity": "this", "scores": { "pbbs.cs.000298": { "min": 1, "max": 99999 } } },
      { "condition": "minecraft:entity_scores", "entity": "this", "scores": { "pbbs.cs.000299": { "min": 1, "max": 99999 } } },
      { "condition": "minecraft:entity_scores", "entity": "this", "scores": { "pbbs.cs.000301": { "min": 1, "max": 99999 } } },
      { "condition": "minecraft:entity_scores", "entity": "this", "scores": { "pbbs.cs.000305": { "min": 1, "max": 99999 } } },
      { "condition": "minecraft:entity_scores", "entity": "this", "scores": { "pbbs.cs.000312": { "min": 1, "max": 99999 } } },
      { "condition": "minecraft:entity_scores", "entity": "this", "scores": { "pbbs.cs.000342": { "min": 1, "max": 99999 } } },
      { "condition": "minecraft:entity_scores", "entity": "this", "scores": { "pbbs.cs.000343": { "min": 1, "max": 99999 } } },
      { "condition": "minecraft:entity_scores", "entity": "this", "scores": { "pbbs.cs.000344": { "min": 1, "max": 99999 } } },
      { "condition": "minecraft:entity_scores", "entity": "this", "scores": { "pbbs.cs.000346": { "min": 1, "max": 99999 } } },
      { "condition": "minecraft:entity_scores", "entity": "this", "scores": { "pbbs.cs.000350": { "min": 1, "max": 99999 } } },
      { "condition": "minecraft:entity_scores", "entity": "this", "scores": { "pbbs.cs.000354": { "min": 1, "max": 99999 } } },
      { "condition": "minecraft:entity_scores", "entity": "this", "scores": { "pbbs.cs.000355": { "min": 1, "max": 99999 } } },
      { "condition": "minecraft:entity_scores", "entity": "this", "scores": { "pbbs.cs.000356": { "min": 1, "max": 99999 } } },
      { "condition": "minecraft:entity_scores", "entity": "this", "scores": { "pbbs.cs.000358": { "min": 1, "max": 99999 } } },
      { "condition": "minecraft:entity_scores", "entity": "this", "scores": { "pbbs.cs.000382": { "min": 1, "max": 99999 } } },
      { "condition": "minecraft:entity_scores", "entity": "this", "scores": { "pbbs.cs.000383": { "min": 1, "max": 99999 } } },
      { "condition": "minecraft:entity_scores", "entity": "this", "scores": { "pbbs.cs.000384": { "min": 1, "max": 99999 } } },
      { "condition": "minecraft:entity_scores", "entity": "this", "scores": { "pbbs.cs.000386": { "min": 1, "max": 99999 } } },
      { "condition": "minecraft:entity_scores", "entity": "this", "scores": { "pbbs.cs.000401": { "min": 1, "max": 99999 } } },
      { "condition": "minecraft:entity_scores", "entity": "this", "scores": { "pbbs.cs.000402": { "min": 1, "max": 99999 } } },
      { "condition": "minecraft:entity_scores", "entity": "this", "scores": { "pbbs.cs.000403": { "min": 1, "max": 99999 } } },
      { "condition": "minecraft:entity_scores", "entity": "this", "scores": { "pbbs.cs.000405": { "min": 1, "max": 99999 } } },
      { "condition": "minecraft:entity_scores", "entity": "this", "scores": { "pbbs.cs.000417": { "min": 1, "max": 99999 } } },
      { "condition": "minecraft:entity_scores", "entity": "this", "scores": { "pbbs.cs.000484": { "min": 1, "max": 99999 } } },
      { "condition": "minecraft:entity_scores", "entity": "this", "scores": { "pbbs.cs.000485": { "min": 1, "max": 99999 } } },
      { "condition": "minecraft:entity_scores", "entity": "this", "scores": { "pbbs.cs.000486": { "min": 1, "max": 99999 } } },
      { "condition": "minecraft:entity_scores", "entity": "this", "scores": { "pbbs.cs.000488": { "min": 1, "max": 99999 } } },
      { "condition": "minecraft:entity_scores", "entity": "this", "scores": { "pbbs.cs.000498": { "min": 1, "max": 99999 } } },
      { "condition": "minecraft:entity_scores", "entity": "this", "scores": { "pbbs.cs.000499": { "min": 1, "max": 99999 } } },
      { "condition": "minecraft:entity_scores", "entity": "this", "scores": { "pbbs.cs.000500": { "min": 1, "max": 99999 } } },
      { "condition": "minecraft:entity_scores", "entity": "this", "scores": { "pbbs.cs.000502": { "min": 1, "max": 99999 } } },
      { "condition": "minecraft:entity_scores", "entity": "this", "scores": { "pbbs.cs.000506": { "min": 1, "max": 99999 } } }
    ]
}