{
  "type": "minecraft:generic",
  "pools": [
    {
      "rolls": 1,
      "entries": [
        {
          "type": "minecraft:item",
          "name": "sweet_berries",
          "functions": [
            {
              "function": "minecraft:set_name",
              "name":[{"text":"Heart Berries","color":"yellow","italic":false}],
              "entity": "this"
            },
            {
              "function": "minecraft:set_lore",
              "lore": [
                "Eat for +1 Heart, up to 10 Hearts"
              ],
              "entity": "this"
            },
            {
              "function": "minecraft:set_count",
              "count": 1
            },
            {
              "function":"set_nbt",
              "tag":"{Enchantments:[{}],heartberries:1}"
            }
          ],
          "conditions": [
            {
              "condition": "minecraft:random_chance",
              "chance": 0.05
            }
          ]
        }
      ]
    }
  ]
}
