{
    "__comment": "Made with TheDestruc7i0n's advancements generator: https://advancements.thedestruc7i0n.ca",
    "display": {
        "title": {
            "text": "Crimes Against Pigmanity",
            "color": "white"
        },
        "description": {
            "text": "Damage a Zombie Pigman",
            "color": "green"
        },
        "icon": {
            "item": "minecraft:gold_nugget"
        },
        "frame": "task",
        "show_toast": true,
        "announce_to_chat": true,
        "hidden": false
    },
    "criteria": {
        "zpd": {
            "trigger": "minecraft:player_hurt_entity",
            "conditions": {
                "entity": {
                    "type": "minecraft:zombie_pigman"
                }
            }
        }
    },
    "parent": "minecraft:nether/root"
}