{
    "__comment": "Made with TheDestruc7i0n's advancements generator: https://advancements.thedestruc7i0n.ca",
    "display": {
        "title": {
            "text": "A Flaming Fight",
            "color": "white"
        },
        "description": {
            "text": "Slay the Nether War Hog",
            "color": "green"
        },
        "icon": {
            "item": "minecraft:gold_ingot"
        },
        "frame": "task",
        "show_toast": true,
        "announce_to_chat": true,
        "hidden": false
    },
    "criteria": {
        "nwh": {
            "trigger": "minecraft:player_killed_entity",
            "conditions": {
                "entity": {
                    "type": "minecraft:magma_cube",
                    "equipment": {
                        "offhand": {
                            "item": "minecraft:carrot_on_a_stick",
                            "count": {
                                "min": 1,
                                "max": 1
                            }
                        }
                    }
                }
            }
        }
    },
    "parent": "minecraft:nether/crimes_against_pigmanity"
}