{"type":"entity","pools":[{"rolls":1,"entries":[{"type":"item","weight":1,"name":"minecraft:apple","functions":[{"function":"set_count","count":1},{"function":"set_nbt","tag":"{Enchantments:[{}]}"},{"function":"set_name","name":[{"text":"The Forbidden Apple","color":"light_purple","italic":false}]},{"function":"set_lore","lore":[{"text":"+1 Vitality","color":"blue","italic":false}]}]}]},{"rolls":1,"entries":[{"type":"item","weight":1,"name":"minecraft:nautilus_shell","functions":[{"function":"set_count","count":{"min":1,"max":8}}]}]}]}
