{"type":"entity","pools":[{"rolls":1,"entries":[{"type":"item","weight":1,"name":"minecraft:sweet_berries","functions":[{"function":"set_count","count":1},{"function":"set_nbt","tag":"{Enchantments:[{}]}"},{"function":"set_name","name":[{"text":"The Forbidden Berries","color":"light_purple","italic":false}]},{"function":"set_lore","lore":[{"text":"+3 Vitality","color":"blue","italic":false}]}]}]},{"rolls":1,"entries":[{"type":"item","weight":1,"name":"minecraft:barrier","functions":[{"function":"set_count","count":1},{"function":"set_nbt","tag":"{Tags:[\"frost_watcher_killed\"]}"}]}]},{"rolls":1,"entries":[{"type":"item","weight":1,"name":"minecraft:enchanted_book","functions":[{"function":"set_count","count":1},{"function":"set_nbt","tag":"{StoredEnchantments:[{id:\"minecraft:punch\",lvl:3s}]}"}]}]}]}
