{"type":"entity","pools":[{"rolls":1,"entries":[{"type":"item","weight":1,"name":"minecraft:melon_slice","functions":[{"function":"set_count","count":1},{"function":"set_nbt","tag":"{Enchantments:[{}]}"},{"function":"set_name","name":[{"text":"The Forbidden Melon","color":"light_purple","italic":false}]},{"function":"set_lore","lore":[{"text":"+5 Vitality","color":"blue","italic":false}]}]}]},{"rolls":1,"entries":[{"type":"item","weight":1,"name":"minecraft:barrier","functions":[{"function":"set_count","count":1},{"function":"set_nbt","tag":"{Tags:[\"station_chief_killed\"]}"}]}]}]}
